-- phpMyAdmin SQL Dump
-- version 5.0.2
-- https://www.phpmyadmin.net/
--
-- Хост: localhost
-- Время создания: Июл 17 2021 г., 20:27
-- Версия сервера: 8.0.21
-- Версия PHP: 7.4.9

SET SQL_MODE = "NO_AUTO_VALUE_ON_ZERO";
START TRANSACTION;
SET time_zone = "+00:00";


/*!40101 SET @OLD_CHARACTER_SET_CLIENT=@@CHARACTER_SET_CLIENT */;
/*!40101 SET @OLD_CHARACTER_SET_RESULTS=@@CHARACTER_SET_RESULTS */;
/*!40101 SET @OLD_COLLATION_CONNECTION=@@COLLATION_CONNECTION */;
/*!40101 SET NAMES utf8mb4 */;

--
-- База данных: `account`
--

-- --------------------------------------------------------

--
-- Структура таблицы `disk_balance`
--

CREATE TABLE `disk_balance` (
  `id` int NOT NULL,
  `id_disk` int NOT NULL COMMENT 'ID конкретного диска',
  `date` datetime NOT NULL,
  `serial_num` varchar(90) CHARACTER SET utf8mb4 COLLATE utf8mb4_0900_ai_ci NOT NULL,
  `state` smallint NOT NULL COMMENT 'Состояние диска: 1 - новый, 2 - б.у, 3 - сломан, 4 - убит ОБ, 5- в работе, 6 - списан',
  `status` tinyint NOT NULL COMMENT 'Текущий статус по диску: 1 - на складе, 2 - в IBS, 3 - установлен на оборудование в ЦОД, 4 - у ОБ на уничтожении,\r\n6- в об на хранении, 7 -ВНЕ ЦОДа',
  `point` tinyint NOT NULL COMMENT 'Точка поступления диска: 1 - IBS, 2 - ЦОД, 3 - из Мклада, 4 -ОБ',
  `INM` varchar(50) NOT NULL,
  `INC` varchar(50) NOT NULL,
  `id_user` int NOT NULL,
  `comment` text NOT NULL,
  `serial_num_new_disk` varchar(60) DEFAULT NULL,
  `deleted` tinyint(1) NOT NULL
) ENGINE=InnoDB DEFAULT CHARSET=utf8mb4 COLLATE=utf8mb4_0900_ai_ci COMMENT='Содержит все поступления дисков на склад';

--
-- Дамп данных таблицы `disk_balance`
--

INSERT INTO `disk_balance` (`id`, `id_disk`, `date`, `serial_num`, `state`, `status`, `point`, `INM`, `INC`, `id_user`, `comment`, `serial_num_new_disk`, `deleted`) VALUES
(299, 72, '2021-03-30 12:31:01', 'P9J09MKY', 1, 1, 1, 'нет', 'нет', 3, '', '', 0),
(304, 72, '2021-04-05 10:36:29', 'Z1Y16A08', 1, 1, 1, 'нет', 'нет', 1, '', '', 0),
(305, 72, '2021-04-05 10:36:37', 'YXG4B66G', 1, 1, 1, 'нет', 'нет', 1, '', '', 0),
(306, 72, '2021-04-05 10:36:45', 'P8G4M84U', 1, 1, 1, 'нет', 'нет', 1, '', '', 0),
(307, 72, '2021-04-05 10:36:54', 'YXGMS19G', 1, 1, 1, 'нет', 'нет', 1, '', '', 0),
(308, 72, '2021-04-05 10:37:03', 'Z1Y419J0', 1, 1, 1, 'нет', 'нет', 1, '', '', 0),
(309, 73, '2021-04-05 10:40:10', 'K5H49Z1A', 1, 1, 1, 'нет', 'нет', 1, '', '', 0),
(310, 73, '2021-04-05 10:40:17', 'WCAY01622306', 1, 1, 1, 'нет', 'нет', 1, '', '', 0),
(311, 73, '2021-04-05 10:40:23', 'YFGYST6D', 1, 1, 1, 'нет', 'нет', 1, '', '', 0),
(312, 73, '2021-04-05 10:40:30', '7672KI1MFWJ1', 1, 1, 1, 'нет', 'нет', 1, '', '', 0),
(313, 73, '2021-04-05 10:40:37', 'P6H91GWP', 1, 1, 1, 'нет', 'нет', 1, '', '', 0),
(314, 74, '2021-04-05 10:42:02', 'WFJ1WPLJ', 1, 5, 1, 'нет', 'нет', 1, '', '', 1),
(315, 74, '2021-04-05 10:42:10', '0DG9RRWF', 1, 5, 1, 'нет', 'нет', 1, '', '', 1),
(316, 74, '2021-04-05 10:42:18', 'WFJ1ARXZ', 1, 5, 1, 'нет', 'нет', 1, '', '', 1),
(317, 74, '2021-04-05 10:42:26', 'WFJ1DHAH', 1, 5, 1, 'нет', 'нет', 1, '', '', 1),
(318, 74, '2021-04-05 10:42:36', '6SL9T9HK', 1, 5, 1, 'нет', 'нет', 1, '', '', 1),
(319, 75, '2021-04-05 10:43:04', 'LVVE0TGM', 1, 1, 1, 'нет', 'нет', 1, '', '', 0),
(320, 75, '2021-04-05 10:43:10', '6SJ3JFS5', 1, 1, 1, 'нет', 'нет', 1, '', '', 0),
(321, 75, '2021-04-05 10:43:17', 'JXYH62WS', 1, 1, 1, 'нет', 'нет', 1, '', '', 0),
(322, 76, '2021-04-05 10:53:25', 'FCNHD1211009490', 1, 1, 1, 'нет', 'нет', 1, '', '', 0),
(323, 76, '2021-04-05 10:53:32', 'FC400111511277', 1, 1, 1, 'нет', 'нет', 1, '', '', 0),
(324, 82, '2021-04-05 11:48:56', 'SGE547B8W3', 1, 5, 1, 'нет', 'нет', 1, '', '', 1),
(325, 82, '2021-04-05 11:49:15', 'PHJ649B0SP', 1, 5, 1, 'нет', 'нет', 1, '', '', 1),
(326, 82, '2021-04-05 11:49:52', 'PHJ649B0SN', 1, 5, 1, 'нет', 'нет', 1, '', '', 1),
(327, 82, '2021-04-05 11:49:58', 'SGE632V1UL', 1, 5, 1, 'нет', 'нет', 1, '', '', 1),
(328, 82, '2021-04-05 11:50:05', '365699-008', 1, 5, 1, 'нет', 'нет', 1, '', '', 1),
(329, 80, '2021-04-05 13:18:23', 'CE810120552500', 1, 1, 1, 'нет', 'нет', 1, '', '', 0),
(330, 79, '2021-04-05 13:18:56', 'CE806112328770', 1, 1, 1, 'нет', 'нет', 1, '', '', 0),
(331, 78, '2021-04-05 13:20:50', 'FC400120903507', 1, 1, 1, 'нет', 'нет', 1, '', '', 0),
(332, 78, '2021-04-05 13:21:00', 'CE806144555319', 1, 1, 1, 'нет', 'нет', 1, '', '', 0),
(333, 78, '2021-04-05 13:21:09', 'CE806144553331', 1, 1, 1, 'нет', 'нет', 1, '', '', 0),
(334, 78, '2021-04-05 13:21:19', 'FC400120903558', 1, 1, 1, 'нет', 'нет', 1, '', '', 0),
(335, 78, '2021-04-05 13:21:27', 'CE809143259675', 1, 1, 1, 'нет', 'нет', 1, '', '', 0),
(336, 77, '2021-04-05 13:23:00', 'CK200202517088', 1, 1, 1, 'нет', 'нет', 1, '', '', 0),
(337, 77, '2021-04-05 13:23:08', 'CK200201719178', 1, 1, 1, 'нет', 'нет', 1, '', '', 0),
(338, 77, '2021-04-05 13:23:26', 'CK200201700857', 1, 1, 1, 'нет', 'нет', 1, '', '', 0),
(339, 77, '2021-04-05 13:25:16', 'CE805160667622', 5, 3, 3, 'INM-69675', 'INC000000036145', 6, 'установлен в EMC 24.05.21', '', 0),
(340, 77, '2021-04-05 13:25:25', 'CE812184900458', 1, 1, 1, 'нет', 'нет', 1, '', '', 0),
(341, 77, '2021-04-05 13:25:33', 'CE812183502964', 1, 1, 1, 'нет', 'нет', 1, '', '', 0),
(342, 77, '2021-04-05 13:26:00', 'CE804114592519', 1, 1, 1, 'нет', 'нет', 1, '', '', 0),
(343, 81, '2021-04-05 13:27:12', 'PHJ514D0NY', 1, 5, 1, 'нет', 'нет', 1, '', '', 1),
(344, 83, '2021-04-05 13:47:11', '2C7202A1ZU', 1, 1, 1, 'нет', 'нет', 1, '', '', 0),
(345, 84, '2021-04-05 13:51:17', '2SD914705J', 1, 1, 1, 'нет', 'нет', 1, '', '', 0),
(346, 84, '2021-04-05 13:51:27', 'CA131100D90', 1, 1, 1, 'нет', 'нет', 1, '', '', 0),
(347, 85, '2021-04-05 13:55:18', 'EA163300Y01', 1, 1, 1, 'нет', 'нет', 1, '', '', 0),
(348, 85, '2021-04-05 13:55:27', '2C5334HDQ0', 1, 1, 1, 'нет', 'нет', 1, '', '', 0),
(349, 85, '2021-04-05 13:55:37', '2C5334HDU3', 1, 1, 1, 'нет', 'нет', 1, '', '', 0),
(350, 85, '2021-04-05 13:58:19', '2C5334HMR9', 1, 1, 1, 'нет', 'нет', 1, '', '', 0),
(351, 86, '2021-04-05 14:06:19', 'Z1Z1X02Q', 1, 1, 1, 'нет', 'нет', 1, '', '', 0),
(352, 86, '2021-04-05 14:06:29', 'PEK1WVXX', 1, 1, 1, 'нет', 'нет', 1, '', '', 0),
(353, 86, '2021-04-05 14:06:39', 'S1Z2GQ4J', 1, 1, 1, 'нет', 'нет', 1, '', '', 0),
(354, 87, '2021-04-05 14:09:50', 'S7K0GCZV', 1, 1, 1, 'нет', 'нет', 1, '', '', 0),
(355, 87, '2021-04-05 14:10:29', 'S7K0GBNL', 1, 1, 1, 'нет', 'нет', 1, '', '', 0),
(356, 88, '2021-04-05 14:13:15', 'YXGBZ6NK', 1, 5, 1, 'нет', 'нет', 1, '', '', 1),
(357, 88, '2021-04-05 14:13:22', 'YXGBSD0K', 1, 5, 1, 'нет', 'нет', 1, '', '', 1),
(358, 82, '2021-04-05 14:33:24', 'SGE547B8W3', 1, 1, 1, 'нет', 'нет', 1, '', '', 0),
(359, 82, '2021-04-05 14:33:31', 'PHJ649B0SP', 1, 1, 1, 'нет', 'нет', 1, '', '', 0),
(360, 82, '2021-04-05 14:33:37', 'PHJ649B0SN', 1, 1, 1, 'нет', 'нет', 1, '', '', 0),
(361, 90, '2021-04-05 15:09:01', 'JFY7V6GC', 1, 1, 1, 'нет', 'нет', 1, '', '', 0),
(362, 90, '2021-04-05 15:09:10', 'JFY897HC', 1, 1, 1, 'нет', 'нет', 1, '', '', 0),
(363, 90, '2021-04-05 15:09:24', 'JFY6M6GC', 1, 1, 1, 'нет', 'нет', 1, '', '', 0),
(364, 90, '2021-04-05 15:09:37', 'JFY6Z7GC', 1, 1, 1, 'нет', 'нет', 1, '', '', 0),
(365, 90, '2021-04-05 15:09:43', 'JFY6Z36C', 1, 1, 1, 'нет', 'нет', 1, '', '', 0),
(366, 90, '2021-04-05 15:09:50', 'JFY7UREC', 1, 1, 1, 'нет', 'нет', 1, '', '', 0),
(367, 90, '2021-04-05 15:09:57', 'JFY7NKSC', 1, 1, 1, 'нет', 'нет', 1, '', '', 0),
(368, 90, '2021-04-05 15:10:05', 'JFY88B0C', 1, 1, 1, 'нет', 'нет', 1, '', '', 0),
(369, 90, '2021-04-05 15:10:18', 'JFY88UAC', 1, 1, 1, 'нет', 'нет', 1, '', '', 0),
(370, 90, '2021-04-05 15:10:26', 'JFY7V51C', 1, 1, 1, 'нет', 'нет', 1, '', '', 0),
(371, 90, '2021-04-05 15:10:33', 'JFY88TLC', 1, 1, 1, 'нет', 'нет', 1, '', '', 0),
(372, 90, '2021-04-05 15:10:41', 'JFY896WC', 1, 1, 1, 'нет', 'нет', 1, '', '', 0),
(373, 90, '2021-04-05 15:10:49', 'JFY6ST4C', 1, 1, 1, 'нет', 'нет', 1, '', '', 0),
(374, 90, '2021-04-05 15:10:56', 'JFY7USUC', 1, 1, 1, 'нет', 'нет', 1, '', '', 0),
(375, 90, '2021-04-05 15:11:04', 'JFY6Z57C', 1, 1, 1, 'нет', 'нет', 1, '', '', 0),
(376, 90, '2021-04-05 15:11:10', 'JFY841YC', 1, 1, 1, 'нет', 'нет', 1, '', '', 0),
(377, 81, '2021-04-05 15:17:00', '3KN2X9LC', 1, 5, 1, 'нет', 'нет', 1, '', '', 1),
(378, 91, '2021-04-05 15:20:55', '3LQ1RS04', 1, 1, 1, 'нет', 'нет', 1, '', '', 0),
(379, 91, '2021-04-05 15:21:27', '3HZA3EYJ', 1, 1, 1, 'нет', 'нет', 1, '', '', 0),
(380, 92, '2021-04-05 15:23:46', '6SK0AAX0', 1, 1, 1, 'нет', 'нет', 1, '', '', 0),
(381, 92, '2021-04-05 15:23:53', '3SK0KH84', 1, 1, 1, 'нет', 'нет', 1, '', '', 0),
(382, 92, '2021-04-05 15:24:02', '6SK0AZ8Z', 1, 1, 1, 'нет', 'нет', 1, '', '', 0),
(383, 92, '2021-04-05 15:24:10', '6SK0B7NG', 1, 1, 1, 'нет', 'нет', 1, '', '', 0),
(384, 92, '2021-04-05 15:24:19', '6SK0A66Z', 1, 1, 1, 'нет', 'нет', 1, '', '', 0),
(385, 92, '2021-04-05 15:24:27', '3SK1021Z', 1, 1, 1, 'нет', 'нет', 1, '', '', 0),
(386, 92, '2021-04-05 15:24:34', '6SK0ABCV', 1, 1, 1, 'нет', 'нет', 1, '', '', 0),
(387, 92, '2021-04-05 15:24:42', '6SK0B0F6', 1, 1, 1, 'нет', 'нет', 1, '', '', 0),
(388, 93, '2021-04-05 15:27:21', '3QQ309QH', 5, 3, 3, 'нет', 'нет', 1, '', '', 0),
(389, 94, '2021-04-05 15:28:51', 'JTW2PKKL', 1, 5, 1, 'нет', 'нет', 1, '', '', 1),
(390, 95, '2021-04-05 15:36:48', 'ZAD0XE0G', 1, 1, 1, 'нет', 'нет', 1, '', '', 0),
(391, 95, '2021-04-05 15:36:57', 'K1HM15VF', 1, 1, 1, 'нет', 'нет', 1, '', '', 0),
(392, 96, '2021-04-05 15:43:04', 'Z2947FKA', 1, 1, 1, 'нет', 'нет', 1, '', '', 0),
(393, 96, '2021-04-05 15:43:17', 'Z2947F9F', 1, 1, 1, 'нет', 'нет', 1, '', '', 0),
(394, 97, '2021-04-05 15:51:43', '9XG7EJZC', 1, 1, 1, 'нет', 'нет', 1, '', '', 0),
(395, 97, '2021-04-05 15:51:49', '9XG7EJVZ', 1, 1, 1, 'нет', 'нет', 1, '', '', 0),
(396, 97, '2021-04-05 15:52:07', '9XG9BNBM', 1, 1, 1, 'нет', 'нет', 1, '', '', 0),
(397, 98, '2021-04-05 15:55:01', '9SZ622PX', 1, 1, 1, 'нет', 'нет', 1, '', '', 0),
(398, 99, '2021-04-05 15:59:22', '1', 1, 1, 1, 'нет', 'нет', 1, 'Нет серийника', '', 0),
(399, 100, '2021-04-05 16:05:50', 'AAL0P58055FY', 1, 1, 1, 'нет', 'нет', 1, '', '', 0),
(400, 101, '2021-04-05 16:11:32', 'SGJ811U3MB', 1, 1, 1, 'нет', 'нет', 1, '', '', 0),
(401, 101, '2021-04-05 16:11:38', 'SGJ811U3MT', 1, 1, 1, 'нет', 'нет', 1, '', '', 0),
(402, 101, '2021-04-05 16:11:46', 'SGJ811U3M8', 1, 1, 1, 'нет', 'нет', 1, '', '', 0),
(403, 101, '2021-04-05 16:11:53', 'SGJ811U3MN', 1, 1, 1, 'нет', 'нет', 1, '', '', 0),
(404, 101, '2021-04-05 16:12:00', 'SGJ811U3MK', 1, 1, 1, 'нет', 'нет', 1, '', '', 0),
(405, 101, '2021-04-05 16:12:07', 'SGJ811U3MX', 1, 1, 1, 'нет', 'нет', 1, '', '', 0),
(406, 101, '2021-04-05 16:12:13', 'SGJ811U3M5', 1, 1, 1, 'нет', 'нет', 1, '', '', 0),
(407, 101, '2021-04-05 16:12:20', 'SGJ811U3ME', 1, 1, 1, 'нет', 'нет', 1, '', '', 0),
(408, 101, '2021-04-05 16:12:27', 'SGJ811U3MH', 1, 1, 1, 'нет', 'нет', 1, '', '', 0),
(409, 101, '2021-04-05 16:12:34', 'SGJ811U3MU', 1, 1, 1, 'нет', 'нет', 1, '', '', 0),
(410, 102, '2021-04-05 16:15:06', '2C7046V3B9', 1, 1, 1, 'нет', 'нет', 1, '', '', 0),
(411, 102, '2021-04-05 16:15:13', 'SGJ914VA7M', 1, 1, 1, 'нет', 'нет', 1, '', '', 0),
(412, 102, '2021-04-05 16:15:20', '2SD816V864', 1, 1, 1, 'нет', 'нет', 1, '', '', 0),
(413, 102, '2021-04-05 16:15:27', 'SGJ747VNM1', 1, 1, 1, 'нет', 'нет', 1, '', '', 0),
(414, 102, '2021-04-05 16:15:34', '2SD929VCFB', 1, 1, 1, 'нет', 'нет', 1, '', '', 0),
(415, 103, '2021-04-05 16:20:24', '2C7031T06F', 1, 1, 1, 'нет', 'нет', 1, '', '', 0),
(416, 103, '2021-04-05 16:20:31', 'THH823T0J0', 1, 1, 1, 'нет', 'нет', 1, '', '', 0),
(417, 103, '2021-04-05 16:20:38', '2C7031T05Y', 1, 1, 1, 'нет', 'нет', 1, '', '', 0),
(418, 103, '2021-04-05 16:20:44', '2C7031T03U', 1, 1, 1, 'нет', 'нет', 1, '', '', 0),
(419, 103, '2021-04-05 16:20:51', '2C7031T068', 1, 1, 1, 'нет', 'нет', 1, '', '', 0),
(420, 103, '2021-04-05 16:20:59', '2C7031T05P', 1, 1, 1, 'нет', 'нет', 1, '', '', 0),
(421, 103, '2021-04-05 16:21:08', '2C7031T062', 1, 1, 1, 'нет', 'нет', 1, '', '', 0),
(422, 103, '2021-04-05 16:21:16', '2C7031T05H', 1, 1, 1, 'нет', 'нет', 1, '', '', 0),
(423, 103, '2021-04-05 16:21:23', '2C7031T05U', 1, 1, 1, 'нет', 'нет', 1, '', '', 0),
(424, 103, '2021-04-05 16:21:29', '2C7031T05W', 1, 1, 1, 'нет', 'нет', 1, '', '', 0),
(425, 103, '2021-04-05 16:21:41', '2C7031T05V', 1, 1, 1, 'нет', 'нет', 1, '', '', 0),
(426, 103, '2021-04-05 16:21:47', '2C7031T05T', 1, 1, 1, 'нет', 'нет', 1, '', '', 0),
(427, 103, '2021-04-05 16:21:54', '2C7735T05H', 1, 1, 1, 'нет', 'нет', 1, '', '', 0),
(428, 103, '2021-04-05 16:22:36', '2C7031T000', 1, 1, 1, 'нет', 'нет', 1, '', '', 0),
(429, 103, '2021-04-05 16:22:43', '2C7031T03M', 1, 1, 1, 'нет', 'нет', 1, '', '', 0),
(430, 103, '2021-04-05 16:22:52', '2C7031T064', 1, 1, 1, 'нет', 'нет', 1, '', '', 0),
(431, 103, '2021-04-05 16:23:05', '2C7031T063', 1, 1, 1, 'нет', 'нет', 1, '', '', 0),
(432, 103, '2021-04-05 16:23:11', '2C7031T069', 1, 1, 1, 'нет', 'нет', 1, '', '', 0),
(433, 103, '2021-04-05 16:23:20', '2C7031T065', 1, 1, 1, 'нет', 'нет', 1, '', '', 0),
(434, 103, '2021-04-05 16:23:29', '2C7031T061', 1, 1, 1, 'нет', 'нет', 1, '', '', 0),
(435, 103, '2021-04-05 16:23:36', '2C7031T04L', 1, 1, 1, 'нет', 'нет', 1, '', '', 0),
(436, 103, '2021-04-05 16:23:43', '2C7031T03W', 1, 1, 1, 'нет', 'нет', 1, '', '', 0),
(437, 103, '2021-04-05 16:23:49', '2C7031T04J', 1, 1, 1, 'нет', 'нет', 1, '', '', 0),
(438, 103, '2021-04-05 16:23:57', '2C7031T05B', 1, 1, 1, 'нет', 'нет', 1, '', '', 0),
(439, 103, '2021-04-05 16:24:05', '2C7031T05M', 1, 1, 1, 'нет', 'нет', 1, '', '', 0),
(440, 103, '2021-04-05 16:24:12', '2C7031T06D', 1, 1, 1, 'нет', 'нет', 1, '', '', 0),
(441, 103, '2021-04-05 16:24:20', '2C7031T067', 1, 1, 1, 'нет', 'нет', 1, '', '', 0),
(442, 103, '2021-04-05 16:24:34', '2C7031T05Z', 1, 1, 1, 'нет', 'нет', 1, '', '', 0),
(443, 103, '2021-04-05 16:24:41', '2C7031T03F', 1, 1, 1, 'нет', 'нет', 1, '', '', 0),
(444, 103, '2021-04-05 16:24:49', '2C7031T05X', 1, 1, 1, 'нет', 'нет', 1, '', '', 0),
(445, 103, '2021-04-05 16:24:58', '2C7031T060', 1, 1, 1, 'нет', 'нет', 1, '', '', 0),
(446, 103, '2021-04-05 16:25:04', '2C7031T06B', 1, 1, 1, 'нет', 'нет', 1, '', '', 0),
(447, 104, '2021-04-07 09:36:07', 'W8HPSLDG', 1, 1, 1, 'нет', 'нет', 1, '', '', 0),
(448, 104, '2021-04-07 09:36:14', 'W8J3VVMG', 1, 1, 1, 'нет', 'нет', 1, '', '', 0),
(449, 104, '2021-04-07 09:36:21', 'KPV6VGGF', 5, 3, 3, 'нет', 'нет', 1, '', '', 0),
(450, 104, '2021-04-07 09:36:26', 'Z4K0A06GFUZ5', 1, 1, 1, 'нет', 'нет', 1, '', '', 0),
(451, 104, '2021-04-07 09:36:35', 'K5V7P7RF', 1, 1, 1, 'нет', 'нет', 1, '', '', 0),
(452, 104, '2021-04-07 09:36:49', '45G0A01TFUZ5', 1, 1, 1, 'нет', 'нет', 1, '', '', 0),
(453, 105, '2021-04-07 09:37:29', 'W7HSTLDG', 1, 1, 1, 'нет', 'нет', 1, '', '', 0),
(454, 105, '2021-04-07 09:37:38', 'PVHD00PB', 1, 1, 1, 'нет', 'нет', 1, '', '', 0),
(455, 105, '2021-04-07 09:37:45', 'PVHBRKBB', 1, 1, 1, 'нет', 'нет', 1, '', '', 0),
(456, 105, '2021-04-07 09:37:50', '99B01SF0FD', 1, 1, 1, 'нет', 'нет', 1, '', '', 0),
(457, 105, '2021-04-07 09:38:11', 'PPVAXNNB', 1, 1, 1, 'нет', 'нет', 1, '', '', 0),
(458, 105, '2021-04-07 09:38:22', 'PPVBH8BB', 1, 1, 1, 'нет', 'нет', 1, '', '', 0),
(459, 105, '2021-04-07 09:38:30', 'PPGVB78B', 1, 1, 1, 'нет', 'нет', 1, '', '', 0),
(460, 105, '2021-04-07 09:38:38', 'PPVD4ALB', 1, 1, 1, 'нет', 'нет', 1, '', '', 0),
(461, 105, '2021-04-07 09:38:45', 'Y3N0A0MBFUZ6', 1, 1, 1, 'нет', 'нет', 1, '', '', 0),
(462, 105, '2021-04-07 09:38:51', 'Y3N0A033FUZ6', 1, 1, 1, 'нет', 'нет', 1, '', '', 0),
(463, 105, '2021-04-07 09:38:58', 'Y3N0A0M9FUZ6', 5, 3, 3, 'нет', 'нет', 1, '', '', 0),
(464, 105, '2021-04-07 09:39:04', 'Y3O0A106FUZ6', 1, 1, 1, 'нет', 'нет', 1, '', '', 0),
(465, 105, '2021-04-07 09:39:09', 'Y3O0A0ZZFUZ6', 1, 1, 1, 'нет', 'нет', 1, '', '', 0),
(466, 105, '2021-04-07 09:39:20', 'Y3O0A0YZFUZ6', 1, 1, 1, 'нет', 'нет', 1, '', '', 0),
(467, 108, '2021-04-07 10:49:44', 'PPKHMBNB', 1, 1, 1, 'нет', 'нет', 1, '', '', 0),
(468, 108, '2021-04-07 10:49:52', 'SGN152E50F', 1, 1, 1, 'нет', 'нет', 1, '', '', 0),
(469, 108, '2021-04-07 10:49:59', 'THH203E2RB', 1, 1, 1, 'нет', 'нет', 1, '', '', 0),
(470, 102, '2021-04-07 10:54:59', '2S4815V11D', 1, 1, 1, 'нет', 'нет', 1, '', '', 0),
(471, 102, '2021-04-07 10:55:10', '3SD2YY5M', 1, 1, 1, 'нет', 'нет', 1, '', '', 0),
(472, 102, '2021-04-07 10:55:20', 'SGJ744V7CN', 1, 1, 1, 'нет', 'нет', 1, '', '', 0),
(473, 102, '2021-04-07 10:57:17', 'PEWABR1E', 1, 1, 1, 'нет', 'нет', 1, '', '', 0),
(474, 107, '2021-04-07 10:58:24', '2C5334HEOU', 1, 5, 1, 'нет', 'нет', 1, '', '', 1),
(475, 107, '2021-04-07 10:58:30', 'TH214320SK', 1, 5, 1, 'нет', 'нет', 1, '', '', 1),
(476, 107, '2021-04-07 10:58:39', 'CZ1450H01L', 1, 5, 1, 'нет', 'нет', 1, '', '', 1),
(477, 111, '2021-04-07 10:59:28', '6XN2JD9C', 1, 1, 1, 'нет', 'нет', 1, '', '', 0),
(478, 109, '2021-04-07 11:01:48', '6XN0B83C', 1, 1, 1, 'нет', 'нет', 1, '', '', 0),
(479, 114, '2021-04-07 11:02:54', '9XF35XY', 1, 1, 1, 'нет', 'нет', 1, '', '', 0),
(480, 114, '2021-04-07 11:03:01', '9XF1RQPV', 1, 1, 1, 'нет', 'нет', 1, '', '', 0),
(481, 115, '2021-04-07 11:03:57', 'Y5A0A01DFHSC', 1, 1, 1, 'нет', 'нет', 1, '', '', 0),
(482, 111, '2021-04-07 11:06:18', '6XM4DZQW', 1, 1, 1, 'нет', 'нет', 1, '', '', 0),
(483, 89, '2021-04-07 11:07:18', 'SGE632V1UL', 1, 1, 1, 'нет', 'нет', 1, '', '', 0),
(484, 89, '2021-04-07 11:07:25', '365699-008', 1, 1, 1, 'нет', 'нет', 1, '', '', 0),
(485, 112, '2021-04-07 11:08:16', 'WX31E13XN920', 1, 1, 1, 'нет', 'нет', 1, '', '', 0),
(486, 112, '2021-04-07 11:08:22', 'S0K3E3PN', 1, 1, 1, 'нет', 'нет', 1, '', '', 0),
(487, 116, '2021-04-08 09:27:40', '6XN6FN6E', 1, 1, 1, 'нет', 'нет', 1, '', '', 0),
(488, 116, '2021-04-08 09:27:51', '6XN6V20N', 1, 1, 1, 'нет', 'нет', 1, '', '', 0),
(489, 116, '2021-04-08 09:27:59', '6XN58W4L', 1, 1, 1, 'нет', 'нет', 1, '', '', 0),
(490, 116, '2021-04-08 09:28:07', '6XN6FZJW', 1, 1, 1, 'нет', 'нет', 1, '', '', 0),
(491, 116, '2021-04-08 09:28:16', '6XN7F4HQ', 1, 1, 1, 'нет', 'нет', 1, '', '', 0),
(492, 116, '2021-04-08 09:28:28', '6XN7FDVW', 1, 1, 1, 'нет', 'нет', 1, '', '', 0),
(493, 117, '2021-04-08 09:35:40', '6SD15BZT', 1, 5, 1, 'нет', 'нет', 1, '', '', 1),
(494, 118, '2021-04-08 09:38:06', '6HN4ES12', 1, 5, 1, 'нет', 'нет', 1, '', '', 1),
(495, 118, '2021-04-08 09:38:15', '6HN4BR0S', 1, 5, 1, 'нет', 'нет', 1, '', '', 1),
(496, 119, '2021-04-08 09:39:31', 'KWHSS0JR', 1, 1, 1, 'нет', 'нет', 1, '', '', 0),
(497, 120, '2021-04-08 09:41:24', '10NEADB03519', 1, 1, 1, 'нет', 'нет', 1, '', '', 0),
(498, 121, '2021-04-08 09:43:08', '6XN79XSB', 1, 5, 1, 'нет', 'нет', 1, '', '', 1),
(499, 111, '2021-04-08 09:43:59', '6XM2JCA5', 1, 1, 1, 'нет', 'нет', 1, '', '', 0),
(500, 111, '2021-04-08 09:44:08', '6XN8SSKD', 1, 1, 1, 'нет', 'нет', 1, '', '', 0),
(501, 122, '2021-04-08 09:46:05', '6XN4EFPV', 1, 1, 1, 'нет', 'нет', 1, '', '', 0),
(502, 123, '2021-04-08 09:47:31', 'PDV1UH4E', 1, 1, 1, 'нет', 'нет', 1, '', '', 0),
(503, 123, '2021-04-08 09:50:09', '3SE16Z0Y', 1, 1, 1, 'нет', 'нет', 1, '', '', 0),
(504, 124, '2021-04-08 09:51:30', 'S7K1C7YP', 1, 1, 1, 'нет', 'нет', 1, '', '', 0),
(505, 123, '2021-04-08 09:52:41', '3SE167NL', 1, 1, 1, 'нет', 'нет', 1, '', '', 0),
(506, 125, '2021-04-08 09:55:49', 'PHH045I1SA', 1, 1, 1, 'нет', 'нет', 1, '', '', 0),
(507, 125, '2021-04-08 09:56:02', 'THF126I3YT', 1, 1, 1, 'нет', 'нет', 1, '', '', 0),
(508, 126, '2021-04-08 10:01:08', '6SE0KR7G', 1, 1, 1, 'нет', 'нет', 1, '', '', 0),
(509, 126, '2021-04-08 10:01:16', '6SE0M4E9', 1, 1, 1, 'нет', 'нет', 1, '', '', 0),
(510, 111, '2021-04-08 10:03:10', '6XM51MN7', 1, 1, 1, 'нет', 'нет', 1, '', '', 0),
(511, 127, '2021-04-08 10:06:01', 'W5G2PTGX', 1, 1, 1, 'нет', 'нет', 1, '', '', 0),
(512, 117, '2021-04-08 10:06:40', '3TB11EJA', 1, 5, 1, 'нет', 'нет', 1, '', '', 1),
(513, 72, '2021-04-08 10:29:33', 'YXGBSD0K', 1, 1, 1, 'нет', 'нет', 1, '', '', 0),
(514, 72, '2021-04-08 10:29:42', 'YXGBZ6NK', 1, 1, 1, 'нет', 'нет', 1, '', '', 0),
(515, 105, '2021-04-08 10:57:13', '6SL9T9HK', 1, 1, 1, 'нет', 'нет', 1, '', '', 0),
(516, 105, '2021-04-08 10:57:24', 'WFJ1DHAH', 1, 1, 1, 'нет', 'нет', 1, '', '', 0),
(517, 105, '2021-04-08 10:57:35', 'WFJ1ARXZ', 1, 1, 1, 'нет', 'нет', 1, '', '', 0),
(518, 105, '2021-04-08 10:57:51', '0DG9RRWF', 1, 1, 1, 'нет', 'нет', 1, '', '', 0),
(519, 105, '2021-04-08 10:58:00', 'WFJ1WPLJ', 1, 1, 1, 'нет', 'нет', 1, '', '', 0),
(520, 75, '2021-04-08 11:05:20', 'JTW2PKKL', 1, 1, 1, 'нет', 'нет', 1, '', '', 0),
(521, 77, '2021-04-08 11:10:00', 'CK200200203189', 1, 1, 1, 'нет', 'нет', 1, 'Был не внесен', '', 0),
(522, 78, '2021-04-08 11:13:30', 'FC400120903727', 1, 1, 1, 'нет', 'нет', 1, 'Был не внесен', '', 0),
(523, 111, '2021-04-08 11:27:13', '6SD15BZT', 5, 3, 3, 'нет', 'нет', 1, '', '', 0),
(524, 111, '2021-04-08 11:27:46', '3TB11EJA', 1, 1, 1, 'нет', 'нет', 1, '', '', 0),
(525, 111, '2021-04-08 11:30:06', 'PHJ514D0NY', 1, 1, 1, 'нет', 'нет', 1, '', '', 0),
(526, 111, '2021-04-08 11:30:48', '3KN2X9LC', 1, 1, 1, 'нет', 'нет', 1, '', '', 0),
(527, 85, '2021-04-08 11:42:46', '2C5334HEOU', 1, 1, 1, 'нет', 'нет', 1, '', '', 0),
(528, 85, '2021-04-08 11:42:52', 'TH214320SK', 1, 1, 1, 'нет', 'нет', 1, '', '', 0),
(529, 85, '2021-04-08 11:42:59', 'CZ1450H01L', 1, 1, 1, 'нет', 'нет', 1, '', '', 0),
(530, 109, '2021-04-08 11:56:48', '6XN79XSB', 1, 1, 1, 'нет', 'нет', 1, '', '', 0),
(531, 116, '2021-04-08 12:01:26', '6HN4BR0S', 1, 1, 1, 'нет', 'нет', 1, '', '', 0),
(532, 116, '2021-04-08 12:01:32', '6HN4ES12', 1, 1, 1, 'нет', 'нет', 1, '', '', 0),
(533, 122, '2021-04-08 12:04:16', '9SV066-175', 1, 1, 1, 'нет', 'нет', 1, '', '', 0),
(534, 93, '2021-04-08 12:36:36', 'JMVWR99C', 3, 1, 2, 'INM-63209', 'нет', 5, '', 'JMWJ9H1C', 0),
(535, 73, '2021-04-08 12:47:47', 'ZC23J08P', 5, 3, 3, 'нет', 'нет', 1, '', '', 0),
(536, 73, '2021-04-08 12:47:54', 'WCAY01609939', 1, 1, 1, 'нет', 'нет', 1, '', '', 0),
(537, 73, '2021-04-08 12:48:01', 'P5G0Y07W', 1, 1, 1, 'нет', 'нет', 1, '', '', 0),
(538, 93, '2021-04-08 13:26:21', 'JMVX8YWC', 3, 1, 2, 'INM-18690', 'нет', 1, '', 'JYXYD9DN', 0),
(539, 73, '2021-04-08 13:32:51', 'WCAY01763590', 3, 1, 2, 'INM-64146', 'нет', 1, '', 'K5H49ZIA', 0),
(540, 104, '2021-04-08 13:45:37', 'KXG0VL9J', 3, 1, 2, 'INM-61427', 'нет', 1, '', 'W8JTJE4G', 0),
(541, 128, '2021-04-08 13:58:42', '2AXPMA7N', 3, 1, 2, 'INM-42466', 'нет', 1, '', 'CZV92Z1L', 0),
(542, 93, '2021-04-08 14:04:44', 'JMWJ9H1C', 3, 1, 2, 'INM-63209', 'нет', 1, '', 'JMVXRE9C', 0),
(543, 93, '2021-04-08 14:33:54', '6SK2KBMD', 3, 1, 2, 'INM-37213', 'нет', 1, '', 'JMW09G5C', 0),
(544, 102, '2021-04-08 14:42:14', '3NM4XJ8N', 3, 1, 2, 'INM-20939', 'нет', 1, 'Rename Jira', '3NM2E7CK', 0),
(545, 102, '2021-04-08 14:48:56', '3NM2E7CK', 3, 1, 2, 'INM-27444', 'нет', 1, '', '3NM0JVTH', 0),
(546, 93, '2021-04-10 01:28:20', 'LWX8MJBN', 5, 3, 3, 'INM-64344', 'нет', 5, '', '', 0),
(547, 129, '2021-04-12 14:24:47', '6SJ8Y97P', 3, 1, 2, 'INM-50783', 'нет', 1, '', '6SJ91JLT', 0),
(548, 129, '2021-04-12 14:31:59', '6SJ2G90E', 3, 1, 2, 'INM-39697', 'нет', 1, '', '6SJ91JPX', 0),
(549, 130, '2021-04-12 15:02:19', '6SE0LYB9', 3, 1, 2, 'INM-30779', 'нет', 1, '', 'W5GE7V2X', 0),
(550, 130, '2021-04-12 15:08:36', '6SE0LYDK', 3, 1, 2, 'INM-29790', 'нет', 1, '', 'W5GEBKBX', 0),
(551, 131, '2021-04-12 15:16:28', 'WAF0ZZVT', 3, 1, 2, 'INM-39459', 'нет', 1, '', 'WAF0ZZVT', 0),
(552, 93, '2021-04-12 15:23:06', 'JMVXE8ZC', 3, 1, 2, 'INM-44350', 'нет', 1, '', 'JMVZAUNC', 0),
(553, 93, '2021-04-15 10:14:06', 'JVV9570L', 1, 1, 1, 'INM-29870', 'нет', 3, '', '', 0),
(554, 93, '2021-04-15 10:15:11', 'JVVYN3HH', 1, 1, 1, 'INM-29870', 'нет', 3, 'Ошибся при заполнении', '', 0),
(562, 111, '2021-04-19 17:18:40', 'D309PC30PL30', 4, 1, 4, 'INM-65654', 'INC000000035846', 3, '', '6SD15BZT', 0),
(563, 131, '2021-04-19 17:24:28', 'WFJ43PV6', 5, 3, 3, 'INM-65507', 'INC000000035834', 3, '', '', 0),
(564, 131, '2021-04-19 17:28:00', 'WFJ0992B', 4, 1, 4, 'INM-65507', 'INC000000035834', 3, '', 'WFJ43PV6', 0),
(565, 111, '2021-04-19 18:21:49', 'WAE25YYF', 1, 1, 1, 'INM-65654', 'INC000000035846', 3, '', '', 0),
(566, 93, '2021-04-23 10:52:48', 'JMVXDYGC', 4, 2, 3, 'INM-66433', 'нет', 3, '', 'LWX8MJBN', 0),
(567, 129, '2021-04-23 12:02:42', '6SJ91JR1', 5, 3, 3, 'INM-63295', 'INC000000035648', 3, 'Диск для Teradata', '', 0),
(568, 104, '2021-04-26 12:26:36', 'KXG0SLPJ', 4, 2, 3, 'INM-66764', 'нет', 6, ' ', 'KPV6VGGF', 0),
(569, 104, '2021-04-27 19:55:08', 'WFK6Q217', 1, 1, 1, 'INM-66764', 'INC000000035948', 1, 'Приход Ишунин Д.', '', 0),
(570, 133, '2021-04-28 11:33:23', '3QQ0HKHM', 5, 3, 3, 'INM-66433', 'INC000000035923', 5, '', '', 0),
(573, 134, '2021-04-29 06:09:09', 'ZA1AP0HR', 5, 3, 3, 'INM-66802', 'INC000000035949', 3, '', '', 0),
(574, 129, '2021-04-29 06:34:26', '6SJ91JSY', 5, 3, 3, 'INM-63295', 'INC000000035648', 3, '', '', 0),
(575, 134, '2021-04-30 09:54:33', 'ZA190PF9', 4, 2, 3, 'INM-66802', 'INC000000035949', 6, ' ', 'ZA1AP0HR', 0),
(576, 129, '2021-05-01 11:14:26', '6SJ0LGK8', 3, 1, 2, 'INM-66647', 'INC000000035930', 3, '', '6SJ91JSY', 0),
(577, 129, '2021-05-01 11:24:03', '6SJ91S0V', 3, 1, 2, 'INM-66647', 'INC000000035930', 3, '.', '6SJ91JR1', 0),
(578, 131, '2021-05-14 22:10:16', 'WFJ098JN', 3, 1, 2, 'INM-68515', 'INC000000036051', 3, '', 'WFJ3R9ZE', 0),
(579, 131, '2021-05-14 22:11:23', 'WFJ3R9ZE', 5, 3, 3, 'INM-68515', 'INC000000036051', 3, '', '', 0),
(580, 73, '2021-05-17 12:51:40', 'WMC1P0495546', 4, 2, 3, 'INM-69062', 'INC000000036082', 3, '', 'ZC23J08P', 0),
(581, 73, '2021-05-19 07:11:03', 'ZC23HZS6', 1, 1, 1, 'INM-69062', 'INC000000036082', 3, '', '', 0),
(582, 135, '2021-05-21 13:34:01', 'KZJLMHUG', 4, 2, 3, 'нет', 'нет', 3, 'Вендор менял диск самостоятельно, s/n нового диска неизвестно', '', 0),
(583, 135, '2021-05-21 13:35:06', 'KZJKY3NG', 4, 2, 3, 'нет', 'нет', 3, 'Вендор менял диск самостоятельно, s/n нового диска неизвестен', '', 0),
(584, 135, '2021-05-21 13:36:26', 'KZJLTG1G', 4, 2, 3, 'нет', 'нет', 3, 'Вендор менял диск самостоятельно, s/n нового диска неизвестен', '', 0),
(585, 135, '2021-05-21 13:39:48', 'KZJLYDHG', 4, 2, 3, 'нет', 'нет', 3, 'Вендор менял диск самостоятельно, s/n нового диска неизвестен', '', 0),
(586, 135, '2021-05-21 13:40:24', 'KZJLDL1G', 4, 2, 3, 'нет', 'нет', 3, 'Вендор менял диск самостоятельно, s/n нового диска неизвестен', '', 0),
(587, 135, '2021-05-21 15:50:39', '0EJ96K8L', 1, 1, 1, 'нет', 'нет', 3, '', '', 0),
(588, 135, '2021-05-21 15:51:30', 'KZJ4481G', 1, 1, 1, 'нет', 'нет', 3, '', '', 0),
(589, 135, '2021-05-21 15:52:42', '0EJ7USHL', 1, 1, 1, 'нет', 'нет', 3, '', '', 0),
(590, 135, '2021-05-21 15:53:14', '0EJ975EL', 1, 1, 1, 'нет', 'нет', 3, '', '', 0),
(591, 135, '2021-05-21 15:54:02', '0EJ98ETL', 1, 1, 1, 'нет', 'нет', 3, '', '', 0),
(592, 77, '2021-05-25 16:51:55', 'CK200202714916', 5, 3, 3, 'INM-69675', 'INC000000036145', 3, 'отредактировал', '', 0),
(593, 77, '2021-05-25 20:26:48', '2AXMDLNN', 3, 1, 2, 'INM-69675', 'INC000000036145', 6, '', 'CE805160667622', 0),
(594, 136, '2021-05-31 12:58:42', 'KWKKBLLX', 5, 3, 3, 'INM-69951', 'INC000000036146', 4, '', '', 0),
(595, 136, '2021-05-31 13:09:12', 'KWJSTSES', 4, 1, 4, 'INM-69951', 'INC000000036146', 4, '', 'KWKKBLLX', 0),
(596, 128, '2021-06-02 15:56:11', 'CE806145062675', 3, 1, 2, 'INM-71352', 'INC000000036253', 3, '', 'CK200202714916', 0),
(597, 138, '2021-06-07 18:44:26', 'CK210203506120', 1, 5, 1, 'INM-71352', 'INC000000036253', 5, '', '', 1),
(598, 77, '2021-06-07 18:50:58', 'CK210203506120', 1, 1, 1, 'INM-71352', 'INC000000036253', 5, '', '', 0),
(599, 105, '2021-06-08 12:37:34', 'KNKUNRRN', 3, 1, 2, 'INM-72088', 'нет', 7, '', 'Y3N0A0M9FUZ6', 0),
(600, 104, '2021-06-09 19:06:40', 'X030A073F4YR', 1, 1, 1, 'INM-72088', 'INC000000036306', 6, '', '', 0),
(601, 136, '2021-06-11 21:44:09', 'test', 4, 5, 4, 'test', 'test', 1, 'Тестовый диск', 'test', 1),
(602, 136, '2021-06-12 00:46:04', 'test2', 4, 5, 3, 'test2', 'test2', 3, 'test2', 'test2', 1),
(603, 136, '2021-06-12 00:47:19', 'test2', 4, 5, 4, 'test2', 'test2', 3, 'test2', '', 1),
(604, 136, '2021-06-12 00:48:18', 'test2', 4, 5, 4, 'test2', 'test2', 3, '', 'test2', 1),
(605, 136, '2021-06-12 00:49:22', 'test2', 4, 5, 4, 'test2', 'test2', 3, 'test2', 'test2', 1),
(606, 139, '2021-06-17 02:01:37', '464151T-1752UAU8LL', 5, 3, 3, 'INM-71065', 'INC000000036232', 5, '', '', 0),
(607, 139, '2021-06-17 02:08:06', '464151T-1440DL58TG', 3, 1, 2, 'INM-71065', 'INC000000036232', 5, '', '464151T-1752UAU8LL', 0),
(608, 102, '2021-06-17 10:42:40', '3NM157GEL', 3, 1, 2, 'INM-73068', 'INC000000036388', 6, '', '3NM92ALN', 0),
(609, 102, '2021-06-17 15:13:21', '3NM92ALN', 5, 3, 3, 'INM-73068', 'INC000000036388', 6, '', '', 0),
(610, 102, '2021-06-17 18:23:49', 'P4W5B64A', 1, 1, 1, 'INM-73068', 'INC000000036388', 6, '', '', 0),
(611, 86, '2021-06-22 13:16:59', '14V0A06XFVU4', 5, 3, 3, 'INM-72701', 'INC000000036345', 7, 'Новый', '', 0),
(612, 86, '2021-06-22 13:18:16', 'Z1Z3WH6G', 3, 4, 2, 'INM-72701', 'INC000000036345', 7, 'Из ЦОД', '14V0A06XFVU4', 0),
(613, 140, '2021-06-26 15:24:47', 'KHG8BLNX', 5, 3, 3, 'INM-71474', 'INC000000036262', 7, 'Выполнено дозаполнение информации', '', 0),
(614, 130, '2021-06-26 15:46:28', '6SE0N3N5', 3, 4, 2, 'INM-71474', 'INC000000036262', 7, '', 'KHG8BLNX', 0),
(615, 126, '2021-06-26 16:18:50', '6SJ9A8H1', 5, 3, 3, 'INM-70938', 'INC000000036220', 7, '', '', 0),
(616, 126, '2021-06-26 16:20:15', '3SJ1Y76T', 3, 4, 2, 'INM-70938', 'INC000000036220', 7, '', '6SJ9A8H1', 0),
(617, 126, '2021-06-26 16:34:44', '6SJ9AHSS', 5, 3, 3, 'INM-73579', 'INC000000036436', 7, '', '', 0),
(618, 126, '2021-06-26 16:36:01', '6SJ2HWJQ', 3, 1, 2, 'INM-73579', 'INC000000036436', 7, '', '6SJ9AHSS', 0),
(619, 135, '2021-06-29 16:02:31', 'WFK98N0Y', 1, 1, 1, 'INM-74129', 'INC000000036493', 6, '', '', 0),
(620, 135, '2021-06-29 16:04:26', 'KZJLBTVG', 4, 2, 3, 'INM-74129', 'INC000000036493', 6, 'Диск убит в ОБ', 'WFK98N0Y', 0),
(621, 136, '2021-06-30 18:39:09', 'W7GKAYLX', 1, 1, 1, 'нет', 'нет', 3, 'Диски привезены курьером без заявки. Лежат в ЗИПЕ в кабинете, нижняя полка шкафа с книгами.', '', 0),
(622, 135, '2021-06-30 18:41:00', '0EJAU4ZL', 1, 1, 1, 'нет', 'нет', 3, 'Диски привезены инжненером IBS без заявки. Лежат в ЗИПЕ в кабинете, нижняя полка шкафа с книгами.', '', 0),
(623, 135, '2021-06-30 18:42:04', '0EJAT94L', 1, 1, 1, 'нет', 'нет', 3, 'Диски привезены курьером IBS без заявки. Лежат в ЗИПЕ в кабинете, нижняя полка шкафа с книгами.', '', 0),
(624, 93, '2021-07-12 11:38:04', '3QQ08M0T', 4, 1, 4, 'INM-76365', 'INC000000036655', 3, 'Добавил INC', '3QQ0HKHM', 0),
(625, 93, '2021-07-12 20:05:43', 'LWX6MX6N', 1, 1, 1, 'INM-76365', 'INC000000036655', 4, '', '', 0);

-- --------------------------------------------------------

--
-- Структура таблицы `disk_charge`
--

CREATE TABLE `disk_charge` (
  `id` int NOT NULL,
  `id_disk` int NOT NULL,
  `type_equipment` varchar(100) NOT NULL,
  `isn` varchar(60) NOT NULL,
  `room` varchar(60) NOT NULL,
  `rack` smallint NOT NULL,
  `unit_start` smallint NOT NULL,
  `unit_end` smallint NOT NULL,
  `disk_num` smallint NOT NULL,
  `INM` varchar(50) NOT NULL,
  `INC` varchar(50) NOT NULL
) ENGINE=InnoDB DEFAULT CHARSET=utf8mb4 COLLATE=utf8mb4_0900_ai_ci;

--
-- Дамп данных таблицы `disk_charge`
--

INSERT INTO `disk_charge` (`id`, `id_disk`, `type_equipment`, `isn`, `room`, `rack`, `unit_start`, `unit_end`, `disk_num`, `INM`, `INC`) VALUES
(100, 301, 'NetAPP DS4246\r\n', '7125653432', '3.04', 15, 16, 15, 6, '', ''),
(101, 302, 'NetAPP DS4246\r\n', '7125653432', '3.04', 19, 17, 15, 6, '', ''),
(102, 303, 'NetAPP DS4246\r\n', '213', '3.04', 17, 14, 13, 5, '', ''),
(103, 388, 'IBM DS5300\r\n', '7701000386', '3.05', 3, 22, 24, 5, '', ''),
(104, 555, ' IBM DS5300\r\n', '7125653432', '3.04', 15, 14, 15, 1, '', ''),
(105, 556, ' IBM DS5300\r\n', '7125653432', '3.04', 1, 1, 2, 1, '', ''),
(106, 523, 'IBM POWER S822\r\n\r\n', '7701000316', '3.22', 15, 2, 10, 1, '', ''),
(107, 563, 'DEPO Supermicro\r\n', '№ ГК-10-04', '3.21', 29, 17, 18, 1, '', ''),
(108, 546, 'IBM DS5300\r\n', '7701000386', '3.05', 3, 10, 12, 6, '', ''),
(109, 449, 'NetAPP DS2246\r\n', '7701000377', '3.22', 10, 3, 4, 5, '', ''),
(112, 573, 'CISC0 UCS C240 M4', '-', '3.22', 41, 4, 4, 8, 'INM-66802', 'INC000000035949'),
(113, 574, 'Terradata 6650\r\n', '7701000357', '3.22', 26, 36, 39, 16, 'INM-66647', 'INC000000035930'),
(114, 567, 'Terradata 6650\r\n', '7701000357', '3.22', 29, 32, 35, 4, 'INM-66647', 'INC000000035930'),
(115, 579, 'DEPO Supermicro\r\n', '1340229843', '3.22', 34, 3, 4, 2, 'INM-68515', 'INC000000036051'),
(116, 535, 'NetAPP DS4246\r\n', '7701000378', '3.22', 13, 13, 16, 2, 'INM-69062', 'INC000000036082'),
(117, 339, 'VNX 5600\r\n', '7701000389', '3.05', 13, 25, 27, 1, 'INM-69675', 'INC000000036145'),
(118, 594, 'Exadata x4-2\r\n', '7701000355', '3.05', 7, 23, 23, 1, 'INM-69951', 'INC000000036146'),
(119, 592, 'VNX 5600\r\n', '7701000389', '3.05', 13, 19, 21, 13, 'INM-71352', 'INC000000036253'),
(120, 463, 'NetApp FAS3240\r\n', '7701000374', '3.21', 11, 26, 28, 2, 'INM-72088', ''),
(121, 606, 'Exadata x4-2\r\n', '7701000355', '3.05', 7, 2, 3, 1, 'INM-71065', 'INC000000036232'),
(122, 609, 'HP DL 360 G5, HP ML 570, HP BL\r\n', '7701000084', '3.21', 9, 1, 10, 2, 'INM-73068', 'INC000000036388'),
(123, 611, 'UCS C240 M3(HADOOP R43)\r\n', '7701000212', '3.22', 43, 11, 12, 11, 'INM-72701', 'INC000000036345'),
(124, 613, 'TERADATA 2650', '7701000357', '3.22', 18, 29, 30, 18, 'INM-71474', 'INC000000036262'),
(125, 615, 'Terradata 6650\r\n', '7701000357', '3.22', 26, 26, 28, 9, 'INM-70938', 'INC000000036220'),
(126, 617, 'Terradata 6650\r\n', '7701000357', '3.22', 27, 17, 19, 12, 'INM-73579', 'INC000000036436'),
(127, 570, ' IBM DS5300\r\n', '7701000386', '3.05', 3, 4, 6, 4, 'INM-76365', '');

-- --------------------------------------------------------

--
-- Структура таблицы `disk_movement`
--

CREATE TABLE `disk_movement` (
  `id` int NOT NULL,
  `id_disk` int NOT NULL COMMENT 'Ссылка на конкетный диск',
  `id_disk_templ` int NOT NULL COMMENT 'ID шаблона номенклатуры диска, из таблицы disks',
  `type_oper` int NOT NULL COMMENT 'Тип операции: 1 - добавить на склад',
  `serial_num` varchar(90) CHARACTER SET utf8mb4 COLLATE utf8mb4_0900_ai_ci NOT NULL,
  `state` int NOT NULL COMMENT '1 - новый, 2- б.у, 3  -сломан,4 - убит, 5- сломан, убийство отклонено ОБ)',
  `status` int NOT NULL COMMENT '1 - нас складе, 2- в IBS, 3-в ЦОД, 4 - в ОБ , 5 - в ОБ на хранении',
  `point` int NOT NULL,
  `INM` varchar(50) NOT NULL,
  `INC` varchar(50) NOT NULL,
  `id_user` int NOT NULL,
  `credit_link` int NOT NULL,
  `date` datetime NOT NULL,
  `comment` text NOT NULL,
  `deleted` tinyint(1) NOT NULL
) ENGINE=InnoDB DEFAULT CHARSET=utf8mb4 COLLATE=utf8mb4_0900_ai_ci COMMENT='Каждая запись описывает все движения по диску ';

--
-- Дамп данных таблицы `disk_movement`
--

INSERT INTO `disk_movement` (`id`, `id_disk`, `id_disk_templ`, `type_oper`, `serial_num`, `state`, `status`, `point`, `INM`, `INC`, `id_user`, `credit_link`, `date`, `comment`, `deleted`) VALUES
(1032, 299, 72, 1, 'P9J09MKY', 1, 1, 1, 'нет', 'нет', 3, 0, '2021-03-30 12:31:01', '', 0),
(1052, 304, 72, 1, 'Z1Y16A08', 1, 1, 1, 'нет', 'нет', 1, 0, '2021-04-05 10:36:29', '', 0),
(1053, 305, 72, 1, 'YXG4B66G', 1, 1, 1, 'нет', 'нет', 1, 0, '2021-04-05 10:36:37', '', 0),
(1054, 306, 72, 1, 'P8G4M84U', 1, 1, 1, 'нет', 'нет', 1, 0, '2021-04-05 10:36:45', '', 0),
(1055, 307, 72, 1, 'YXGMS19G', 1, 1, 1, 'нет', 'нет', 1, 0, '2021-04-05 10:36:54', '', 0),
(1056, 308, 72, 1, 'Z1Y419J0', 1, 1, 1, 'нет', 'нет', 1, 0, '2021-04-05 10:37:03', '', 0),
(1057, 309, 73, 1, 'K5H49Z1A', 1, 1, 1, 'нет', 'нет', 1, 0, '2021-04-05 10:40:10', '', 0),
(1058, 310, 73, 1, 'WCAY01622306', 1, 1, 1, 'нет', 'нет', 1, 0, '2021-04-05 10:40:17', '', 0),
(1059, 311, 73, 1, 'YFGYST6D', 1, 1, 1, 'нет', 'нет', 1, 0, '2021-04-05 10:40:23', '', 0),
(1060, 312, 73, 1, '7672KI1MFWJ1', 1, 1, 1, 'нет', 'нет', 1, 0, '2021-04-05 10:40:30', '', 0),
(1061, 313, 73, 1, 'P6H91GWP', 1, 1, 1, 'нет', 'нет', 1, 0, '2021-04-05 10:40:37', '', 0),
(1062, 314, 74, 1, 'WFJ1WPLJ', 1, 1, 1, 'нет', 'нет', 1, 0, '2021-04-05 10:42:02', '', 0),
(1063, 315, 74, 1, '0DG9RRWF', 1, 1, 1, 'нет', 'нет', 1, 0, '2021-04-05 10:42:10', '', 0),
(1064, 316, 74, 1, 'WFJ1ARXZ', 1, 1, 1, 'нет', 'нет', 1, 0, '2021-04-05 10:42:18', '', 0),
(1065, 317, 74, 1, 'WFJ1DHAH', 1, 1, 1, 'нет', 'нет', 1, 0, '2021-04-05 10:42:26', '', 0),
(1066, 318, 74, 1, '6SL9T9HK', 1, 1, 1, 'нет', 'нет', 1, 0, '2021-04-05 10:42:36', '', 0),
(1067, 319, 75, 1, 'LVVE0TGM', 1, 1, 1, 'нет', 'нет', 1, 0, '2021-04-05 10:43:04', '', 0),
(1068, 320, 75, 1, '6SJ3JFS5', 1, 1, 1, 'нет', 'нет', 1, 0, '2021-04-05 10:43:10', '', 0),
(1069, 321, 75, 1, 'JXYH62WS', 1, 1, 1, 'нет', 'нет', 1, 0, '2021-04-05 10:43:17', '', 0),
(1070, 322, 76, 1, 'FCNHD1211009490', 1, 1, 1, 'нет', 'нет', 1, 0, '2021-04-05 10:53:25', '', 0),
(1071, 323, 76, 1, 'FC400111511277', 1, 1, 1, 'нет', 'нет', 1, 0, '2021-04-05 10:53:32', '', 0),
(1072, 324, 82, 1, 'SGE547B8W3', 1, 1, 1, 'нет', 'нет', 1, 0, '2021-04-05 11:48:56', '', 0),
(1073, 325, 82, 1, 'PHJ649B0SP', 1, 1, 1, 'нет', 'нет', 1, 0, '2021-04-05 11:49:15', '', 0),
(1074, 326, 82, 1, 'PHJ649B0SN', 1, 1, 1, 'нет', 'нет', 1, 0, '2021-04-05 11:49:52', '', 0),
(1075, 327, 82, 1, 'SGE632V1UL', 1, 1, 1, 'нет', 'нет', 1, 0, '2021-04-05 11:49:58', '', 0),
(1076, 328, 82, 1, '365699-008', 1, 1, 1, 'нет', 'нет', 1, 0, '2021-04-05 11:50:05', '', 0),
(1077, 329, 80, 1, 'CE810120552500', 1, 1, 1, 'нет', 'нет', 1, 0, '2021-04-05 13:18:23', '', 0),
(1078, 330, 79, 1, 'CE806112328770', 1, 1, 1, 'нет', 'нет', 1, 0, '2021-04-05 13:18:56', '', 0),
(1079, 331, 78, 1, 'FC400120903507', 1, 1, 1, 'нет', 'нет', 1, 0, '2021-04-05 13:20:50', '', 0),
(1080, 332, 78, 1, 'CE806144555319', 1, 1, 1, 'нет', 'нет', 1, 0, '2021-04-05 13:21:00', '', 0),
(1081, 333, 78, 1, 'CE806144553331', 1, 1, 1, 'нет', 'нет', 1, 0, '2021-04-05 13:21:09', '', 0),
(1082, 334, 78, 1, 'FC400120903558', 1, 1, 1, 'нет', 'нет', 1, 0, '2021-04-05 13:21:19', '', 0),
(1083, 335, 78, 1, 'CE809143259675', 1, 1, 1, 'нет', 'нет', 1, 0, '2021-04-05 13:21:27', '', 0),
(1084, 336, 77, 1, 'CK200202517088', 1, 1, 1, 'нет', 'нет', 1, 0, '2021-04-05 13:23:00', '', 0),
(1085, 337, 77, 1, 'CK200201719178', 1, 1, 1, 'нет', 'нет', 1, 0, '2021-04-05 13:23:08', '', 0),
(1086, 338, 77, 1, 'CK200201700857', 1, 1, 1, 'нет', 'нет', 1, 0, '2021-04-05 13:23:26', '', 0),
(1087, 339, 77, 1, 'CE805160667622', 1, 1, 1, 'нет', 'нет', 1, 0, '2021-04-05 13:25:16', '', 0),
(1088, 340, 77, 1, 'CE812184900458', 1, 1, 1, 'нет', 'нет', 1, 0, '2021-04-05 13:25:25', '', 0),
(1089, 341, 77, 1, 'CE812183502964', 1, 1, 1, 'нет', 'нет', 1, 0, '2021-04-05 13:25:33', '', 0),
(1090, 342, 77, 1, 'CE804114592519', 1, 1, 1, 'нет', 'нет', 1, 0, '2021-04-05 13:26:00', '', 0),
(1091, 343, 81, 1, 'PHJ514D0NY', 1, 1, 1, 'нет', 'нет', 1, 0, '2021-04-05 13:27:12', '', 0),
(1092, 344, 83, 1, '2C7202A1ZU', 1, 1, 1, 'нет', 'нет', 1, 0, '2021-04-05 13:47:11', '', 0),
(1093, 345, 84, 1, '2SD914705J', 1, 1, 1, 'нет', 'нет', 1, 0, '2021-04-05 13:51:17', '', 0),
(1094, 346, 84, 1, 'CA131100D90', 1, 1, 1, 'нет', 'нет', 1, 0, '2021-04-05 13:51:27', '', 0),
(1095, 347, 85, 1, 'EA163300Y01', 1, 1, 1, 'нет', 'нет', 1, 0, '2021-04-05 13:55:18', '', 0),
(1096, 348, 85, 1, '2C5334HDQ0', 1, 1, 1, 'нет', 'нет', 1, 0, '2021-04-05 13:55:27', '', 0),
(1097, 349, 85, 1, '2C5334HDU3', 1, 1, 1, 'нет', 'нет', 1, 0, '2021-04-05 13:55:37', '', 0),
(1098, 350, 85, 1, '2C5334HMR9', 1, 1, 1, 'нет', 'нет', 1, 0, '2021-04-05 13:58:19', '', 0),
(1099, 351, 86, 1, 'Z1Z1X02Q', 1, 1, 1, 'нет', 'нет', 1, 0, '2021-04-05 14:06:19', '', 0),
(1100, 352, 86, 1, 'PEK1WVXX', 1, 1, 1, 'нет', 'нет', 1, 0, '2021-04-05 14:06:29', '', 0),
(1101, 353, 86, 1, 'S1Z2GQ4J', 1, 1, 1, 'нет', 'нет', 1, 0, '2021-04-05 14:06:39', '', 0),
(1102, 354, 87, 1, 'S7K0GCZV', 1, 1, 1, 'нет', 'нет', 1, 0, '2021-04-05 14:09:50', '', 0),
(1103, 355, 87, 1, 'S7K0GBNL', 1, 1, 1, 'нет', 'нет', 1, 0, '2021-04-05 14:10:29', '', 0),
(1104, 356, 88, 1, 'YXGBZ6NK', 1, 1, 1, 'нет', 'нет', 1, 0, '2021-04-05 14:13:15', '', 0),
(1105, 357, 88, 1, 'YXGBSD0K', 1, 1, 1, 'нет', 'нет', 1, 0, '2021-04-05 14:13:22', '', 0),
(1106, 324, 82, 5, '', 0, 5, 0, '', '', 1, 0, '2021-04-05 14:32:07', 'НЕ ТОТ ПАРТ НОМЕР', 1),
(1107, 325, 82, 5, '', 0, 5, 0, '', '', 1, 0, '2021-04-05 14:32:12', 'НЕ ТОТ ПАРТ НОМЕР', 1),
(1108, 326, 82, 5, '', 0, 5, 0, '', '', 1, 0, '2021-04-05 14:32:49', 'НЕ ТОТ ПАРТ НОМЕР', 1),
(1109, 327, 82, 5, '', 0, 5, 0, '', '', 1, 0, '2021-04-05 14:33:04', 'НЕ ТОТ ПАРТ НОМЕР', 1),
(1110, 328, 82, 5, '', 0, 5, 0, '', '', 1, 0, '2021-04-05 14:33:12', 'НЕ ТОТ ПАРТ НОМЕР', 1),
(1111, 358, 82, 1, 'SGE547B8W3', 1, 1, 1, 'нет', 'нет', 1, 0, '2021-04-05 14:33:24', '', 0),
(1112, 359, 82, 1, 'PHJ649B0SP', 1, 1, 1, 'нет', 'нет', 1, 0, '2021-04-05 14:33:31', '', 0),
(1113, 360, 82, 1, 'PHJ649B0SN', 1, 1, 1, 'нет', 'нет', 1, 0, '2021-04-05 14:33:37', '', 0),
(1114, 361, 90, 1, 'JFY7V6GC', 1, 1, 1, 'нет', 'нет', 1, 0, '2021-04-05 15:09:01', '', 0),
(1115, 362, 90, 1, 'JFY897HC', 1, 1, 1, 'нет', 'нет', 1, 0, '2021-04-05 15:09:10', '', 0),
(1116, 363, 90, 1, 'JFY6M6GC', 1, 1, 1, 'нет', 'нет', 1, 0, '2021-04-05 15:09:24', '', 0),
(1117, 364, 90, 1, 'JFY6Z7GC', 1, 1, 1, 'нет', 'нет', 1, 0, '2021-04-05 15:09:37', '', 0),
(1118, 365, 90, 1, 'JFY6Z36C', 1, 1, 1, 'нет', 'нет', 1, 0, '2021-04-05 15:09:43', '', 0),
(1119, 366, 90, 1, 'JFY7UREC', 1, 1, 1, 'нет', 'нет', 1, 0, '2021-04-05 15:09:50', '', 0),
(1120, 367, 90, 1, 'JFY7NKSC', 1, 1, 1, 'нет', 'нет', 1, 0, '2021-04-05 15:09:57', '', 0),
(1121, 368, 90, 1, 'JFY88B0C', 1, 1, 1, 'нет', 'нет', 1, 0, '2021-04-05 15:10:05', '', 0),
(1122, 369, 90, 1, 'JFY88UAC', 1, 1, 1, 'нет', 'нет', 1, 0, '2021-04-05 15:10:18', '', 0),
(1123, 370, 90, 1, 'JFY7V51C', 1, 1, 1, 'нет', 'нет', 1, 0, '2021-04-05 15:10:26', '', 0),
(1124, 371, 90, 1, 'JFY88TLC', 1, 1, 1, 'нет', 'нет', 1, 0, '2021-04-05 15:10:33', '', 0),
(1125, 372, 90, 1, 'JFY896WC', 1, 1, 1, 'нет', 'нет', 1, 0, '2021-04-05 15:10:41', '', 0),
(1126, 373, 90, 1, 'JFY6ST4C', 1, 1, 1, 'нет', 'нет', 1, 0, '2021-04-05 15:10:49', '', 0),
(1127, 374, 90, 1, 'JFY7USUC', 1, 1, 1, 'нет', 'нет', 1, 0, '2021-04-05 15:10:56', '', 0),
(1128, 375, 90, 1, 'JFY6Z57C', 1, 1, 1, 'нет', 'нет', 1, 0, '2021-04-05 15:11:04', '', 0),
(1129, 376, 90, 1, 'JFY841YC', 1, 1, 1, 'нет', 'нет', 1, 0, '2021-04-05 15:11:10', '', 0),
(1130, 377, 81, 1, '3KN2X9LC', 1, 1, 1, 'нет', 'нет', 1, 0, '2021-04-05 15:17:00', '', 0),
(1131, 378, 91, 1, '3LQ1RS04', 1, 1, 1, 'нет', 'нет', 1, 0, '2021-04-05 15:20:55', '', 0),
(1132, 379, 91, 1, '3HZA3EYJ', 1, 1, 1, 'нет', 'нет', 1, 0, '2021-04-05 15:21:27', '', 0),
(1133, 380, 92, 1, '6SK0AAX0', 1, 1, 1, 'нет', 'нет', 1, 0, '2021-04-05 15:23:46', '', 0),
(1134, 381, 92, 1, '3SK0KH84', 1, 1, 1, 'нет', 'нет', 1, 0, '2021-04-05 15:23:53', '', 0),
(1135, 382, 92, 1, '6SK0AZ8Z', 1, 1, 1, 'нет', 'нет', 1, 0, '2021-04-05 15:24:02', '', 0),
(1136, 383, 92, 1, '6SK0B7NG', 1, 1, 1, 'нет', 'нет', 1, 0, '2021-04-05 15:24:10', '', 0),
(1137, 384, 92, 1, '6SK0A66Z', 1, 1, 1, 'нет', 'нет', 1, 0, '2021-04-05 15:24:19', '', 0),
(1138, 385, 92, 1, '3SK1021Z', 1, 1, 1, 'нет', 'нет', 1, 0, '2021-04-05 15:24:27', '', 0),
(1139, 386, 92, 1, '6SK0ABCV', 1, 1, 1, 'нет', 'нет', 1, 0, '2021-04-05 15:24:34', '', 0),
(1140, 387, 92, 1, '6SK0B0F6', 1, 1, 1, 'нет', 'нет', 1, 0, '2021-04-05 15:24:42', '', 0),
(1141, 388, 93, 1, '3QQ309QH', 1, 1, 1, 'нет', 'нет', 1, 0, '2021-04-05 15:27:21', '', 0),
(1142, 389, 94, 1, 'JTW2PKKL', 1, 1, 1, 'нет', 'нет', 1, 0, '2021-04-05 15:28:51', '', 0),
(1143, 390, 95, 1, 'ZAD0XE0G', 1, 1, 1, 'нет', 'нет', 1, 0, '2021-04-05 15:36:49', '', 0),
(1144, 391, 95, 1, 'K1HM15VF', 1, 1, 1, 'нет', 'нет', 1, 0, '2021-04-05 15:36:57', '', 0),
(1145, 392, 96, 1, 'Z2947FKA', 1, 1, 1, 'нет', 'нет', 1, 0, '2021-04-05 15:43:04', '', 0),
(1146, 393, 96, 1, 'Z2947F9F', 1, 1, 1, 'нет', 'нет', 1, 0, '2021-04-05 15:43:17', '', 0),
(1147, 394, 97, 1, '9XG7EJZC', 1, 1, 1, 'нет', 'нет', 1, 0, '2021-04-05 15:51:43', '', 0),
(1148, 395, 97, 1, '9XG7EJVZ', 1, 1, 1, 'нет', 'нет', 1, 0, '2021-04-05 15:51:49', '', 0),
(1149, 396, 97, 1, '9XG9BNBM', 1, 1, 1, 'нет', 'нет', 1, 0, '2021-04-05 15:52:07', '', 0),
(1150, 397, 98, 1, '9SZ622PX', 1, 1, 1, 'нет', 'нет', 1, 0, '2021-04-05 15:55:01', '', 0),
(1151, 398, 99, 1, '1', 1, 1, 1, 'нет', 'нет', 1, 0, '2021-04-05 15:59:22', 'Нет серийника', 0),
(1152, 399, 100, 1, 'AAL0P58055FY', 1, 1, 1, 'нет', 'нет', 1, 0, '2021-04-05 16:05:50', '', 0),
(1153, 400, 101, 1, 'SGJ811U3MB', 1, 1, 1, 'нет', 'нет', 1, 0, '2021-04-05 16:11:32', '', 0),
(1154, 401, 101, 1, 'SGJ811U3MT', 1, 1, 1, 'нет', 'нет', 1, 0, '2021-04-05 16:11:38', '', 0),
(1155, 402, 101, 1, 'SGJ811U3M8', 1, 1, 1, 'нет', 'нет', 1, 0, '2021-04-05 16:11:46', '', 0),
(1156, 403, 101, 1, 'SGJ811U3MN', 1, 1, 1, 'нет', 'нет', 1, 0, '2021-04-05 16:11:53', '', 0),
(1157, 404, 101, 1, 'SGJ811U3MK', 1, 1, 1, 'нет', 'нет', 1, 0, '2021-04-05 16:12:00', '', 0),
(1158, 405, 101, 1, 'SGJ811U3MX', 1, 1, 1, 'нет', 'нет', 1, 0, '2021-04-05 16:12:07', '', 0),
(1159, 406, 101, 1, 'SGJ811U3M5', 1, 1, 1, 'нет', 'нет', 1, 0, '2021-04-05 16:12:13', '', 0),
(1160, 407, 101, 1, 'SGJ811U3ME', 1, 1, 1, 'нет', 'нет', 1, 0, '2021-04-05 16:12:20', '', 0),
(1161, 408, 101, 1, 'SGJ811U3MH', 1, 1, 1, 'нет', 'нет', 1, 0, '2021-04-05 16:12:27', '', 0),
(1162, 409, 101, 1, 'SGJ811U3MU', 1, 1, 1, 'нет', 'нет', 1, 0, '2021-04-05 16:12:34', '', 0),
(1163, 410, 102, 1, '2C7046V3B9', 1, 1, 1, 'нет', 'нет', 1, 0, '2021-04-05 16:15:06', '', 0),
(1164, 411, 102, 1, 'SGJ914VA7M', 1, 1, 1, 'нет', 'нет', 1, 0, '2021-04-05 16:15:13', '', 0),
(1165, 412, 102, 1, '2SD816V864', 1, 1, 1, 'нет', 'нет', 1, 0, '2021-04-05 16:15:20', '', 0),
(1166, 413, 102, 1, 'SGJ747VNM1', 1, 1, 1, 'нет', 'нет', 1, 0, '2021-04-05 16:15:27', '', 0),
(1167, 414, 102, 1, '2SD929VCFB', 1, 1, 1, 'нет', 'нет', 1, 0, '2021-04-05 16:15:34', '', 0),
(1168, 415, 103, 1, '2C7031T06F', 1, 1, 1, 'нет', 'нет', 1, 0, '2021-04-05 16:20:24', '', 0),
(1169, 416, 103, 1, 'THH823T0J0', 1, 1, 1, 'нет', 'нет', 1, 0, '2021-04-05 16:20:31', '', 0),
(1170, 417, 103, 1, '2C7031T05Y', 1, 1, 1, 'нет', 'нет', 1, 0, '2021-04-05 16:20:38', '', 0),
(1171, 418, 103, 1, '2C7031T03U', 1, 1, 1, 'нет', 'нет', 1, 0, '2021-04-05 16:20:44', '', 0),
(1172, 419, 103, 1, '2C7031T068', 1, 1, 1, 'нет', 'нет', 1, 0, '2021-04-05 16:20:51', '', 0),
(1173, 420, 103, 1, '2C7031T05P', 1, 1, 1, 'нет', 'нет', 1, 0, '2021-04-05 16:20:59', '', 0),
(1174, 421, 103, 1, '2C7031T062', 1, 1, 1, 'нет', 'нет', 1, 0, '2021-04-05 16:21:08', '', 0),
(1175, 422, 103, 1, '2C7031T05H', 1, 1, 1, 'нет', 'нет', 1, 0, '2021-04-05 16:21:16', '', 0),
(1176, 423, 103, 1, '2C7031T05U', 1, 1, 1, 'нет', 'нет', 1, 0, '2021-04-05 16:21:23', '', 0),
(1177, 424, 103, 1, '2C7031T05W', 1, 1, 1, 'нет', 'нет', 1, 0, '2021-04-05 16:21:29', '', 0),
(1178, 425, 103, 1, '2C7031T05V', 1, 1, 1, 'нет', 'нет', 1, 0, '2021-04-05 16:21:41', '', 0),
(1179, 426, 103, 1, '2C7031T05T', 1, 1, 1, 'нет', 'нет', 1, 0, '2021-04-05 16:21:47', '', 0),
(1180, 427, 103, 1, '2C7735T05H', 1, 1, 1, 'нет', 'нет', 1, 0, '2021-04-05 16:21:54', '', 0),
(1181, 428, 103, 1, '2C7031T000', 1, 1, 1, 'нет', 'нет', 1, 0, '2021-04-05 16:22:36', '', 0),
(1182, 429, 103, 1, '2C7031T03M', 1, 1, 1, 'нет', 'нет', 1, 0, '2021-04-05 16:22:43', '', 0),
(1183, 430, 103, 1, '2C7031T064', 1, 1, 1, 'нет', 'нет', 1, 0, '2021-04-05 16:22:52', '', 0),
(1184, 431, 103, 1, '2C7031T063', 1, 1, 1, 'нет', 'нет', 1, 0, '2021-04-05 16:23:05', '', 0),
(1185, 432, 103, 1, '2C7031T069', 1, 1, 1, 'нет', 'нет', 1, 0, '2021-04-05 16:23:11', '', 0),
(1186, 433, 103, 1, '2C7031T065', 1, 1, 1, 'нет', 'нет', 1, 0, '2021-04-05 16:23:20', '', 0),
(1187, 434, 103, 1, '2C7031T061', 1, 1, 1, 'нет', 'нет', 1, 0, '2021-04-05 16:23:29', '', 0),
(1188, 435, 103, 1, '2C7031T04L', 1, 1, 1, 'нет', 'нет', 1, 0, '2021-04-05 16:23:36', '', 0),
(1189, 436, 103, 1, '2C7031T03W', 1, 1, 1, 'нет', 'нет', 1, 0, '2021-04-05 16:23:43', '', 0),
(1190, 437, 103, 1, '2C7031T04J', 1, 1, 1, 'нет', 'нет', 1, 0, '2021-04-05 16:23:49', '', 0),
(1191, 438, 103, 1, '2C7031T05B', 1, 1, 1, 'нет', 'нет', 1, 0, '2021-04-05 16:23:57', '', 0),
(1192, 439, 103, 1, '2C7031T05M', 1, 1, 1, 'нет', 'нет', 1, 0, '2021-04-05 16:24:05', '', 0),
(1193, 440, 103, 1, '2C7031T06D', 1, 1, 1, 'нет', 'нет', 1, 0, '2021-04-05 16:24:12', '', 0),
(1194, 441, 103, 1, '2C7031T067', 1, 1, 1, 'нет', 'нет', 1, 0, '2021-04-05 16:24:20', '', 0),
(1195, 442, 103, 1, '2C7031T05Z', 1, 1, 1, 'нет', 'нет', 1, 0, '2021-04-05 16:24:34', '', 0),
(1196, 443, 103, 1, '2C7031T03F', 1, 1, 1, 'нет', 'нет', 1, 0, '2021-04-05 16:24:41', '', 0),
(1197, 444, 103, 1, '2C7031T05X', 1, 1, 1, 'нет', 'нет', 1, 0, '2021-04-05 16:24:49', '', 0),
(1198, 445, 103, 1, '2C7031T060', 1, 1, 1, 'нет', 'нет', 1, 0, '2021-04-05 16:24:58', '', 0),
(1199, 446, 103, 1, '2C7031T06B', 1, 1, 1, 'нет', 'нет', 1, 0, '2021-04-05 16:25:04', '', 0),
(1200, 447, 104, 1, 'W8HPSLDG', 1, 1, 1, 'нет', 'нет', 1, 0, '2021-04-07 09:36:07', '', 0),
(1201, 448, 104, 1, 'W8J3VVMG', 1, 1, 1, 'нет', 'нет', 1, 0, '2021-04-07 09:36:14', '', 0),
(1202, 449, 104, 1, 'KPV6VGGF', 1, 1, 1, 'нет', 'нет', 1, 0, '2021-04-07 09:36:21', '', 0),
(1203, 450, 104, 1, 'Z4K0A06GFUZ5', 1, 1, 1, 'нет', 'нет', 1, 0, '2021-04-07 09:36:26', '', 0),
(1204, 451, 104, 1, 'K5V7P7RF', 1, 1, 1, 'нет', 'нет', 1, 0, '2021-04-07 09:36:35', '', 0),
(1205, 452, 104, 1, '45G0A01TFUZ5', 1, 1, 1, 'нет', 'нет', 1, 0, '2021-04-07 09:36:49', '', 0),
(1206, 453, 105, 1, 'W7HSTLDG', 1, 1, 1, 'нет', 'нет', 1, 0, '2021-04-07 09:37:29', '', 0),
(1207, 454, 105, 1, 'PVHD00PB', 1, 1, 1, 'нет', 'нет', 1, 0, '2021-04-07 09:37:38', '', 0),
(1208, 455, 105, 1, 'PVHBRKBB', 1, 1, 1, 'нет', 'нет', 1, 0, '2021-04-07 09:37:45', '', 0),
(1209, 456, 105, 1, '99B01SF0FD', 1, 1, 1, 'нет', 'нет', 1, 0, '2021-04-07 09:37:50', '', 0),
(1210, 457, 105, 1, 'PPVAXNNB', 1, 1, 1, 'нет', 'нет', 1, 0, '2021-04-07 09:38:11', '', 0),
(1211, 458, 105, 1, 'PPVBH8BB', 1, 1, 1, 'нет', 'нет', 1, 0, '2021-04-07 09:38:22', '', 0),
(1212, 459, 105, 1, 'PPGVB78B', 1, 1, 1, 'нет', 'нет', 1, 0, '2021-04-07 09:38:30', '', 0),
(1213, 460, 105, 1, 'PPVD4ALB', 1, 1, 1, 'нет', 'нет', 1, 0, '2021-04-07 09:38:38', '', 0),
(1214, 461, 105, 1, 'Y3N0A0MBFUZ6', 1, 1, 1, 'нет', 'нет', 1, 0, '2021-04-07 09:38:45', '', 0),
(1215, 462, 105, 1, 'Y3N0A033FUZ6', 1, 1, 1, 'нет', 'нет', 1, 0, '2021-04-07 09:38:51', '', 0),
(1216, 463, 105, 1, 'Y3N0A0M9FUZ6', 1, 1, 1, 'нет', 'нет', 1, 0, '2021-04-07 09:38:58', '', 0),
(1217, 464, 105, 1, 'Y3O0A106FUZ6', 1, 1, 1, 'нет', 'нет', 1, 0, '2021-04-07 09:39:04', '', 0),
(1218, 465, 105, 1, 'Y3O0A0ZZFUZ6', 1, 1, 1, 'нет', 'нет', 1, 0, '2021-04-07 09:39:09', '', 0),
(1219, 466, 105, 1, 'Y3O0A0YZFUZ6', 1, 1, 1, 'нет', 'нет', 1, 0, '2021-04-07 09:39:20', '', 0),
(1220, 467, 108, 1, 'PPKHMBNB', 1, 1, 1, 'нет', 'нет', 1, 0, '2021-04-07 10:49:44', '', 0),
(1221, 468, 108, 1, 'SGN152E50F', 1, 1, 1, 'нет', 'нет', 1, 0, '2021-04-07 10:49:52', '', 0),
(1222, 469, 108, 1, 'THH203E2RB', 1, 1, 1, 'нет', 'нет', 1, 0, '2021-04-07 10:49:59', '', 0),
(1223, 470, 102, 1, '2S4815V11D', 1, 1, 1, 'нет', 'нет', 1, 0, '2021-04-07 10:54:59', '', 0),
(1224, 471, 102, 1, '3SD2YY5M', 1, 1, 1, 'нет', 'нет', 1, 0, '2021-04-07 10:55:10', '', 0),
(1225, 472, 102, 1, 'SGJ744V7CN', 1, 1, 1, 'нет', 'нет', 1, 0, '2021-04-07 10:55:20', '', 0),
(1226, 473, 102, 1, 'PEWABR1E', 1, 1, 1, 'нет', 'нет', 1, 0, '2021-04-07 10:57:17', '', 0),
(1227, 474, 107, 1, '2C5334HEOU', 1, 1, 1, 'нет', 'нет', 1, 0, '2021-04-07 10:58:24', '', 0),
(1228, 475, 107, 1, 'TH214320SK', 1, 1, 1, 'нет', 'нет', 1, 0, '2021-04-07 10:58:30', '', 0),
(1229, 476, 107, 1, 'CZ1450H01L', 1, 1, 1, 'нет', 'нет', 1, 0, '2021-04-07 10:58:39', '', 0),
(1230, 477, 111, 1, '6XN2JD9C', 1, 1, 1, 'нет', 'нет', 1, 0, '2021-04-07 10:59:28', '', 0),
(1231, 478, 109, 1, '6XN0B83C', 1, 1, 1, 'нет', 'нет', 1, 0, '2021-04-07 11:01:48', '', 0),
(1232, 479, 114, 1, '9XF35XY', 1, 1, 1, 'нет', 'нет', 1, 0, '2021-04-07 11:02:54', '', 0),
(1233, 480, 114, 1, '9XF1RQPV', 1, 1, 1, 'нет', 'нет', 1, 0, '2021-04-07 11:03:01', '', 0),
(1234, 481, 115, 1, 'Y5A0A01DFHSC', 1, 1, 1, 'нет', 'нет', 1, 0, '2021-04-07 11:03:57', '', 0),
(1235, 482, 111, 1, '6XM4DZQW', 1, 1, 1, 'нет', 'нет', 1, 0, '2021-04-07 11:06:18', '', 0),
(1236, 483, 89, 1, 'SGE632V1UL', 1, 1, 1, 'нет', 'нет', 1, 0, '2021-04-07 11:07:18', '', 0),
(1237, 484, 89, 1, '365699-008', 1, 1, 1, 'нет', 'нет', 1, 0, '2021-04-07 11:07:25', '', 0),
(1238, 485, 112, 1, 'WX31E13XN920', 1, 1, 1, 'нет', 'нет', 1, 0, '2021-04-07 11:08:16', '', 0),
(1239, 486, 112, 1, 'S0K3E3PN', 1, 1, 1, 'нет', 'нет', 1, 0, '2021-04-07 11:08:22', '', 0),
(1240, 487, 116, 1, '6XN6FN6E', 1, 1, 1, 'нет', 'нет', 1, 0, '2021-04-08 09:27:40', '', 0),
(1241, 488, 116, 1, '6XN6V20N', 1, 1, 1, 'нет', 'нет', 1, 0, '2021-04-08 09:27:51', '', 0),
(1242, 489, 116, 1, '6XN58W4L', 1, 1, 1, 'нет', 'нет', 1, 0, '2021-04-08 09:27:59', '', 0),
(1243, 490, 116, 1, '6XN6FZJW', 1, 1, 1, 'нет', 'нет', 1, 0, '2021-04-08 09:28:07', '', 0),
(1244, 491, 116, 1, '6XN7F4HQ', 1, 1, 1, 'нет', 'нет', 1, 0, '2021-04-08 09:28:16', '', 0),
(1245, 492, 116, 1, '6XN7FDVW', 1, 1, 1, 'нет', 'нет', 1, 0, '2021-04-08 09:28:28', '', 0),
(1246, 493, 117, 1, '6SD15BZT', 1, 1, 1, 'нет', 'нет', 1, 0, '2021-04-08 09:35:40', '', 0),
(1247, 494, 118, 1, '6HN4ES12', 1, 1, 1, 'нет', 'нет', 1, 0, '2021-04-08 09:38:06', '', 0),
(1248, 495, 118, 1, '6HN4BR0S', 1, 1, 1, 'нет', 'нет', 1, 0, '2021-04-08 09:38:15', '', 0),
(1249, 496, 119, 1, 'KWHSS0JR', 1, 1, 1, 'нет', 'нет', 1, 0, '2021-04-08 09:39:31', '', 0),
(1250, 497, 120, 1, '10NEADB03519', 1, 1, 1, 'нет', 'нет', 1, 0, '2021-04-08 09:41:24', '', 0),
(1251, 498, 121, 1, '6XN79XSB', 1, 1, 1, 'нет', 'нет', 1, 0, '2021-04-08 09:43:08', '', 0),
(1252, 499, 111, 1, '6XM2JCA5', 1, 1, 1, 'нет', 'нет', 1, 0, '2021-04-08 09:43:59', '', 0),
(1253, 500, 111, 1, '6XN8SSKD', 1, 1, 1, 'нет', 'нет', 1, 0, '2021-04-08 09:44:08', '', 0),
(1254, 501, 122, 1, '6XN4EFPV', 1, 1, 1, 'нет', 'нет', 1, 0, '2021-04-08 09:46:05', '', 0),
(1255, 502, 123, 1, 'PDV1UH4E', 1, 1, 1, 'нет', 'нет', 1, 0, '2021-04-08 09:47:31', '', 0),
(1256, 503, 123, 1, '3SE16Z0Y', 1, 1, 1, 'нет', 'нет', 1, 0, '2021-04-08 09:50:09', '', 0),
(1257, 504, 124, 1, 'S7K1C7YP', 1, 1, 1, 'нет', 'нет', 1, 0, '2021-04-08 09:51:30', '', 0),
(1258, 505, 123, 1, '3SE167NL', 1, 1, 1, 'нет', 'нет', 1, 0, '2021-04-08 09:52:41', '', 0),
(1259, 506, 125, 1, 'PHH045I1SA', 1, 1, 1, 'нет', 'нет', 1, 0, '2021-04-08 09:55:49', '', 0),
(1260, 507, 125, 1, 'THF126I3YT', 1, 1, 1, 'нет', 'нет', 1, 0, '2021-04-08 09:56:02', '', 0),
(1261, 508, 126, 1, '6SE0KR7G', 1, 1, 1, 'нет', 'нет', 1, 0, '2021-04-08 10:01:08', '', 0),
(1262, 509, 126, 1, '6SE0M4E9', 1, 1, 1, 'нет', 'нет', 1, 0, '2021-04-08 10:01:16', '', 0),
(1263, 510, 111, 1, '6XM51MN7', 1, 1, 1, 'нет', 'нет', 1, 0, '2021-04-08 10:03:10', '', 0),
(1264, 511, 127, 1, 'W5G2PTGX', 1, 1, 1, 'нет', 'нет', 1, 0, '2021-04-08 10:06:01', '', 0),
(1265, 512, 117, 1, '3TB11EJA', 1, 1, 1, 'нет', 'нет', 1, 0, '2021-04-08 10:06:40', '', 0),
(1266, 356, 88, 5, '', 0, 5, 0, '', '', 1, 0, '2021-04-08 10:28:22', 'Перенос дисков повторяющихся моделей.', 1),
(1267, 357, 88, 5, '', 0, 5, 0, '', '', 1, 0, '2021-04-08 10:28:27', 'Перенос дисков повторяющихся моделей.', 1),
(1268, 513, 72, 1, 'YXGBSD0K', 1, 1, 1, 'нет', 'нет', 1, 0, '2021-04-08 10:29:33', '', 0),
(1269, 514, 72, 1, 'YXGBZ6NK', 1, 1, 1, 'нет', 'нет', 1, 0, '2021-04-08 10:29:42', '', 0),
(1270, 314, 74, 5, '', 0, 5, 0, '', '', 1, 0, '2021-04-08 10:54:45', 'Перенос дисков повторяющихся моделей.', 1),
(1271, 315, 74, 5, '', 0, 5, 0, '', '', 1, 0, '2021-04-08 10:54:50', 'Перенос дисков повторяющихся моделей.', 1),
(1272, 316, 74, 5, '', 0, 5, 0, '', '', 1, 0, '2021-04-08 10:54:54', 'Перенос дисков повторяющихся моделей.', 1),
(1273, 317, 74, 5, '', 0, 5, 0, '', '', 1, 0, '2021-04-08 10:54:58', 'Перенос дисков повторяющихся моделей.', 1),
(1274, 318, 74, 5, '', 0, 5, 0, '', '', 1, 0, '2021-04-08 10:55:01', 'Перенос дисков повторяющихся моделей.', 1),
(1275, 515, 105, 1, '6SL9T9HK', 1, 1, 1, 'нет', 'нет', 1, 0, '2021-04-08 10:57:13', '', 0),
(1276, 516, 105, 1, 'WFJ1DHAH', 1, 1, 1, 'нет', 'нет', 1, 0, '2021-04-08 10:57:24', '', 0),
(1277, 517, 105, 1, 'WFJ1ARXZ', 1, 1, 1, 'нет', 'нет', 1, 0, '2021-04-08 10:57:35', '', 0),
(1278, 518, 105, 1, '0DG9RRWF', 1, 1, 1, 'нет', 'нет', 1, 0, '2021-04-08 10:57:51', '', 0),
(1279, 519, 105, 1, 'WFJ1WPLJ', 1, 1, 1, 'нет', 'нет', 1, 0, '2021-04-08 10:58:00', '', 0),
(1280, 389, 94, 5, '', 0, 5, 0, '', '', 1, 0, '2021-04-08 11:04:45', 'Перенос дисков повторяющихся моделей.', 1),
(1281, 520, 75, 1, 'JTW2PKKL', 1, 1, 1, 'нет', 'нет', 1, 0, '2021-04-08 11:05:20', '', 0),
(1282, 521, 77, 1, 'CK200200203189', 1, 1, 1, 'нет', 'нет', 1, 0, '2021-04-08 11:10:00', 'Был не внесен', 0),
(1283, 522, 78, 1, 'FC400120903727', 1, 1, 1, 'нет', 'нет', 1, 0, '2021-04-08 11:13:30', 'Был не внесен', 0),
(1284, 493, 117, 5, '', 0, 5, 0, '', '', 1, 0, '2021-04-08 11:26:26', 'Перенос дисков повторяющихся моделей.', 1),
(1285, 523, 111, 1, '6SD15BZT', 1, 1, 1, 'нет', 'нет', 1, 0, '2021-04-08 11:27:13', '', 0),
(1286, 512, 117, 5, '', 0, 5, 0, '', '', 1, 0, '2021-04-08 11:27:30', 'Перенос дисков повторяющихся моделей.', 1),
(1287, 524, 111, 1, '3TB11EJA', 1, 1, 1, 'нет', 'нет', 1, 0, '2021-04-08 11:27:46', '', 0),
(1288, 343, 81, 5, '', 0, 5, 0, '', '', 1, 0, '2021-04-08 11:28:42', '\r\nПеренос дисков повторяющихся моделей.', 1),
(1289, 525, 111, 1, 'PHJ514D0NY', 1, 1, 1, 'нет', 'нет', 1, 0, '2021-04-08 11:30:06', '', 0),
(1290, 377, 81, 5, '', 0, 5, 0, '', '', 1, 0, '2021-04-08 11:30:21', 'Перенос дисков повторяющихся моделей.', 1),
(1291, 526, 111, 1, '3KN2X9LC', 1, 1, 1, 'нет', 'нет', 1, 0, '2021-04-08 11:30:48', '', 0),
(1292, 474, 107, 5, '', 0, 5, 0, '', '', 1, 0, '2021-04-08 11:42:13', 'Перенос дисков повторяющихся моделей.', 1),
(1293, 475, 107, 5, '', 0, 5, 0, '', '', 1, 0, '2021-04-08 11:42:16', 'Перенос дисков повторяющихся моделей.', 1),
(1294, 476, 107, 5, '', 0, 5, 0, '', '', 1, 0, '2021-04-08 11:42:19', 'Перенос дисков повторяющихся моделей.', 1),
(1295, 527, 85, 1, '2C5334HEOU', 1, 1, 1, 'нет', 'нет', 1, 0, '2021-04-08 11:42:46', '', 0),
(1296, 528, 85, 1, 'TH214320SK', 1, 1, 1, 'нет', 'нет', 1, 0, '2021-04-08 11:42:52', '', 0),
(1297, 529, 85, 1, 'CZ1450H01L', 1, 1, 1, 'нет', 'нет', 1, 0, '2021-04-08 11:42:59', '', 0),
(1298, 498, 121, 5, '', 0, 5, 0, '', '', 1, 0, '2021-04-08 11:56:18', 'Перенос дисков повторяющихся моделей.', 1),
(1299, 530, 109, 1, '6XN79XSB', 1, 1, 1, 'нет', 'нет', 1, 0, '2021-04-08 11:56:48', '', 0),
(1300, 494, 118, 5, '', 0, 5, 0, '', '', 1, 0, '2021-04-08 12:01:01', '\r\n\r\nПеренос дисков повторяющихся моделей.', 1),
(1301, 495, 118, 5, '', 0, 5, 0, '', '', 1, 0, '2021-04-08 12:01:04', '\r\n\r\nПеренос дисков повторяющихся моделей.', 1),
(1302, 531, 116, 1, '6HN4BR0S', 1, 1, 1, 'нет', 'нет', 1, 0, '2021-04-08 12:01:26', '', 0),
(1303, 532, 116, 1, '6HN4ES12', 1, 1, 1, 'нет', 'нет', 1, 0, '2021-04-08 12:01:32', '', 0),
(1304, 533, 122, 1, '9SV066-175', 1, 1, 1, 'нет', 'нет', 1, 0, '2021-04-08 12:04:16', '', 0),
(1305, 534, 93, 1, 'JMVWR99C', 3, 1, 2, 'INM-63209', 'нет', 5, 0, '2021-04-08 12:36:36', '', 0),
(1306, 535, 73, 1, 'ZC23J08P', 1, 1, 1, 'нет', 'нет', 1, 0, '2021-04-08 12:47:47', '', 0),
(1307, 536, 73, 1, 'WCAY01609939', 1, 1, 1, 'нет', 'нет', 1, 0, '2021-04-08 12:47:54', '', 0),
(1308, 537, 73, 1, 'P5G0Y07W', 1, 1, 1, 'нет', 'нет', 1, 0, '2021-04-08 12:48:01', '', 0),
(1309, 538, 93, 1, 'JMVX8YWC', 3, 1, 2, 'INM-18690', 'нет', 1, 0, '2021-04-08 13:26:21', '', 0),
(1310, 539, 73, 1, 'WCAY01763590', 3, 1, 2, 'INM-64146', 'нет', 1, 0, '2021-04-08 13:32:51', '', 0),
(1311, 540, 104, 1, 'KXG0VL9J', 3, 1, 2, 'INM-61427', 'нет', 1, 0, '2021-04-08 13:45:37', '', 0),
(1312, 541, 128, 1, '2AXPMA7N', 3, 1, 2, 'INM-42466', 'нет', 1, 0, '2021-04-08 13:58:42', '', 0),
(1313, 542, 93, 1, 'JMWJ9H1C', 3, 1, 2, 'INM-63209', 'нет', 1, 0, '2021-04-08 14:04:44', '', 0),
(1314, 543, 93, 1, '6SK2KBMD', 3, 1, 2, 'INM-37213', 'нет', 1, 0, '2021-04-08 14:33:54', '', 0),
(1315, 544, 102, 1, '3NM4XJ8N', 3, 1, 2, 'INM-20899', 'нет', 1, 0, '2021-04-08 14:42:14', '', 0),
(1316, 545, 102, 1, '3NM2E7CK', 3, 1, 2, 'INM-27444', 'нет', 1, 0, '2021-04-08 14:48:56', '', 0),
(1317, 546, 93, 1, 'LWX8MJBN', 1, 1, 1, 'INM-64344', 'нет', 5, 0, '2021-04-10 01:28:20', '', 0),
(1318, 388, 93, 6, '', 5, 3, 3, '', '', 5, 0, '2021-04-10 01:41:05', '', 0),
(1319, 547, 129, 1, '6SJ8Y97P', 3, 1, 2, 'INM-50783', 'нет', 1, 0, '2021-04-12 14:24:47', '', 0),
(1320, 548, 129, 1, '6SJ2G90E', 3, 1, 2, 'INM-39697', 'нет', 1, 0, '2021-04-12 14:31:59', '', 0),
(1321, 544, 102, 2, '3NM4XJ8N', 3, 1, 2, 'INM-20939', 'нет', 1, 0, '2021-04-12 14:41:11', 'Rename Jira', 0),
(1322, 549, 130, 1, '6SE0LYB9', 3, 1, 2, 'INM-30779', 'нет', 1, 0, '2021-04-12 15:02:19', '', 0),
(1323, 550, 130, 1, '6SE0LYDK', 3, 1, 2, 'INM-29790', 'нет', 1, 0, '2021-04-12 15:08:36', '', 0),
(1324, 551, 131, 1, 'WAF0ZZVT', 3, 1, 2, 'INM-39459', 'нет', 1, 0, '2021-04-12 15:16:28', '', 0),
(1325, 552, 93, 1, 'JMVXE8ZC', 3, 1, 2, 'INM-44350', 'нет', 1, 0, '2021-04-12 15:23:06', '', 0),
(1326, 553, 93, 1, 'JVV9570L', 1, 1, 1, 'INM-29870', 'нет', 3, 0, '2021-04-15 10:14:06', '', 0),
(1327, 554, 93, 1, 'JVVYN3HH', 1, 1, 1, 'нет', 'INM-29870', 3, 0, '2021-04-15 10:15:11', '', 0),
(1328, 554, 93, 2, 'JVVYN3HH', 1, 1, 1, 'INM-29870', '', 3, 0, '2021-04-15 10:15:47', 'Ошибся при заполнении', 0),
(1329, 554, 93, 2, 'JVVYN3HH', 1, 1, 1, 'INM-29870', 'нет', 3, 0, '2021-04-15 10:15:59', 'Ошибся при заполнении', 0),
(1357, 523, 111, 6, '', 5, 3, 3, '', '', 3, 0, '2021-04-19 17:18:13', '', 0),
(1358, 562, 111, 1, 'D309PC30PL30', 3, 1, 2, 'INM-65654', 'INC000000035846', 3, 0, '2021-04-19 17:18:40', '', 0),
(1359, 563, 131, 1, 'WFJ43PV6', 1, 1, 1, 'INM-65507', 'INC000000035834', 3, 0, '2021-04-19 17:24:28', '', 0),
(1360, 563, 131, 6, '', 5, 3, 3, '', '', 3, 0, '2021-04-19 17:25:44', '', 0),
(1361, 564, 131, 1, 'WFJ0992B', 3, 1, 2, 'INM-65507', 'INC000000035834', 3, 0, '2021-04-19 17:28:00', '', 0),
(1362, 565, 111, 1, 'WAE25YYF', 1, 1, 1, 'INM-65654', 'INC000000035846', 3, 0, '2021-04-19 18:21:49', '', 0),
(1363, 564, 131, 4, '', 3, 4, 3, '', '', 5, 0, '2021-04-20 09:47:18', '', 0),
(1364, 562, 111, 4, '', 3, 4, 3, '', '', 5, 0, '2021-04-20 09:48:11', '', 0),
(1365, 562, 111, 8, '', 4, 4, 3, '', '', 11, 0, '2021-04-20 20:50:23', 'Диск уничтожен', 0),
(1366, 564, 131, 8, '', 4, 4, 3, '', '', 11, 0, '2021-04-20 20:50:49', 'Диск уничтожен', 0),
(1367, 564, 131, 9, '', 4, 1, 4, '', '', 3, 0, '2021-04-20 20:51:08', 'Забрал диск Марисов', 0),
(1368, 562, 111, 9, '', 4, 1, 4, '', '', 3, 0, '2021-04-20 20:51:50', 'Забрал диск Марисов', 0),
(1369, 566, 93, 1, 'JMVXDYGC', 3, 1, 2, 'INM-66433', 'нет', 3, 0, '2021-04-23 10:52:48', '', 0),
(1370, 546, 93, 6, '', 5, 3, 3, '', '', 3, 0, '2021-04-23 10:54:29', '', 0),
(1371, 567, 129, 1, '6SJ91JR1', 1, 1, 1, 'INM-63295', 'INC000000035648', 3, 0, '2021-04-23 12:02:42', 'Диск для Teradata', 0),
(1372, 568, 104, 1, 'KXG0SLPJ', 3, 1, 2, 'INM-66764', 'нет', 6, 0, '2021-04-26 12:26:36', '', 0),
(1373, 449, 104, 6, '', 5, 3, 3, '', '', 6, 0, '2021-04-26 12:33:44', 'INM-66764', 0),
(1374, 568, 104, 4, '', 3, 4, 3, '', '', 6, 0, '2021-04-26 12:40:38', '', 0),
(1375, 568, 104, 2, 'KXG0SLPJ', 4, 4, 2, 'INM-66764', 'нет', 6, 0, '2021-04-26 12:55:35', 'Диск убит', 0),
(1376, 568, 104, 9, '', 4, 1, 4, '', '', 6, 0, '2021-04-26 12:55:53', '', 0),
(1377, 569, 104, 1, 'WFK6Q217', 1, 1, 1, 'INM-66764', 'INC000000035948', 1, 0, '2021-04-27 19:55:08', 'Приход Ишунин Д.', 0),
(1378, 570, 133, 1, '3QQ0HKHM', 1, 1, 1, 'INM-66433', 'INC000000035923', 5, 0, '2021-04-28 11:33:23', '', 0),
(1385, 573, 134, 1, 'ZA1AP0HR', 1, 1, 1, 'INM-66802', 'INC000000035949', 3, 0, '2021-04-29 06:09:09', '', 0),
(1386, 573, 134, 6, '', 5, 3, 3, 'INM-66802', 'INC000000035949', 3, 0, '2021-04-29 06:10:10', '', 0),
(1387, 574, 129, 1, '6SJ91JSY', 1, 1, 1, 'INM-63295', 'INC000000035648', 3, 0, '2021-04-29 06:34:26', '', 0),
(1388, 575, 134, 1, 'ZA190PF9', 3, 1, 2, 'INM-66802', 'INC000000035949', 6, 0, '2021-04-30 09:54:33', '', 0),
(1389, 575, 134, 4, '', 3, 4, 3, '', '', 6, 0, '2021-04-30 10:51:03', '', 0),
(1390, 575, 134, 2, 'ZA190PF9', 4, 4, 2, 'INM-66802', 'INC000000035949', 6, 0, '2021-04-30 10:52:25', 'Забрали из ОБ', 0),
(1391, 575, 134, 9, '', 4, 1, 4, '', '', 6, 0, '2021-04-30 10:52:36', '', 0),
(1392, 575, 134, 2, 'ZA190PF9', 4, 1, 4, 'INM-66802', 'INC000000035949', 6, 0, '2021-04-30 10:53:45', ' ', 0),
(1393, 568, 104, 2, 'KXG0SLPJ', 4, 1, 4, 'INM-66764', 'нет', 6, 0, '2021-04-30 10:54:03', ' ', 0),
(1394, 574, 129, 6, '', 5, 3, 3, 'INM-66647', 'INC000000035930', 3, 0, '2021-05-01 11:13:01', '', 0),
(1395, 576, 129, 1, '6SJ0LGK8', 3, 1, 2, 'INM-66647', 'INC000000035930', 3, 0, '2021-05-01 11:14:26', '', 0),
(1396, 567, 129, 6, '', 5, 3, 3, 'INM-66647', 'INC000000035930', 3, 0, '2021-05-01 11:23:00', 'Диск для Teradata', 0),
(1397, 577, 129, 1, 'INM-66647', 3, 1, 2, 'нет', 'INC000000035930', 3, 0, '2021-05-01 11:24:03', '', 0),
(1398, 577, 129, 2, '6SJ91S0V', 3, 1, 2, 'INM-66647', 'INC000000035930', 3, 0, '2021-05-01 11:26:09', '.', 0),
(1399, 578, 131, 1, 'WFJ098JN', 3, 1, 2, 'INM-68515', 'INC000000036051', 3, 0, '2021-05-14 22:10:16', '', 0),
(1400, 579, 131, 1, 'WFJ3R9ZE', 1, 1, 1, 'INM-68515', 'INC000000036051', 3, 0, '2021-05-14 22:11:23', '', 0),
(1401, 579, 131, 6, '', 5, 3, 3, 'INM-68515', 'INC000000036051', 3, 0, '2021-05-14 22:12:19', '', 0),
(1402, 535, 73, 6, '', 5, 3, 3, 'INM-69062', 'INC000000036082', 3, 0, '2021-05-17 12:49:00', '', 0),
(1403, 580, 73, 1, 'WMC1P0495546', 3, 1, 2, 'INM-69062', 'INC000000036082', 3, 0, '2021-05-17 12:51:40', '', 0),
(1404, 581, 73, 1, 'ZC23HZS6', 1, 1, 1, 'INM-69062', 'INC000000036082', 3, 0, '2021-05-19 07:11:03', '', 0),
(1405, 582, 135, 1, 'KZJLMHUG', 3, 1, 2, 'нет', 'нет', 3, 0, '2021-05-21 13:34:01', 'Вендор менял диск самостоятельно, s/n нового диска неизвестно', 0),
(1406, 583, 135, 1, 'KZJKY3NG', 3, 1, 2, 'нет', 'нет', 3, 0, '2021-05-21 13:35:06', 'Вендор менял диск самостоятельно, s/n нового диска неизвестен', 0),
(1407, 584, 135, 1, 'KZJLTG1G', 3, 1, 2, 'нет', 'нет', 3, 0, '2021-05-21 13:36:26', 'Вендор менял диск самостоятельно, s/n нового диска неизвестен', 0),
(1408, 585, 135, 1, 'KZJLYDHG', 3, 1, 2, 'нет', 'нет', 3, 0, '2021-05-21 13:39:48', 'Вендор менял диск самостоятельно, s/n нового диска неизвестен', 0),
(1409, 586, 135, 1, 'KZJLDL1G', 3, 1, 2, 'нет', 'нет', 3, 0, '2021-05-21 13:40:24', 'Вендор менял диск самостоятельно, s/n нового диска неизвестен', 0),
(1410, 586, 135, 2, 'KZJLDL1G', 3, 1, 2, 'нет', 'нет', 3, 0, '2021-05-21 13:42:35', 'Вендор менял диск самостоятельно, s/n нового диска неизвестен', 0),
(1411, 585, 135, 2, 'KZJLYDHG', 3, 1, 2, 'нет', 'нет', 3, 0, '2021-05-21 13:43:37', 'Вендор менял диск самостоятельно, s/n нового диска неизвестен', 0),
(1412, 585, 135, 2, 'KZJLYDHG', 3, 1, 2, 'нет', 'нет', 3, 0, '2021-05-21 13:44:43', 'Вендор менял диск самостоятельно, s/n нового диска неизвестен', 0),
(1413, 584, 135, 2, 'KZJLTG1G', 3, 1, 2, 'нет', 'нет', 3, 0, '2021-05-21 13:44:49', 'Вендор менял диск самостоятельно, s/n нового диска неизвестен', 0),
(1414, 583, 135, 2, 'KZJKY3NG', 3, 1, 2, 'нет', 'нет', 3, 0, '2021-05-21 13:44:55', 'Вендор менял диск самостоятельно, s/n нового диска неизвестен', 0),
(1415, 582, 135, 2, 'KZJLMHUG', 3, 1, 2, 'нет', 'нет', 3, 0, '2021-05-21 13:44:59', 'Вендор менял диск самостоятельно, s/n нового диска неизвестно', 0),
(1416, 586, 135, 4, '', 3, 4, 3, '', '', 3, 0, '2021-05-21 15:47:29', '', 0),
(1417, 585, 135, 4, '', 3, 4, 3, '', '', 3, 0, '2021-05-21 15:47:39', '', 0),
(1418, 584, 135, 4, '', 3, 4, 3, '', '', 3, 0, '2021-05-21 15:47:42', '', 0),
(1419, 583, 135, 4, '', 3, 4, 3, '', '', 3, 0, '2021-05-21 15:47:45', '', 0),
(1420, 582, 135, 4, '', 3, 4, 3, '', '', 3, 0, '2021-05-21 15:47:48', '', 0),
(1421, 587, 135, 1, '0EJ96K8L', 1, 1, 1, 'нет', 'нет', 3, 0, '2021-05-21 15:50:39', '', 0),
(1422, 588, 135, 1, 'KZJ4481G', 1, 1, 1, 'нет', 'нет', 3, 0, '2021-05-21 15:51:30', '', 0),
(1423, 589, 135, 1, '0EJ7USHL', 1, 1, 1, 'нет', 'нет', 3, 0, '2021-05-21 15:52:42', '', 0),
(1424, 590, 135, 1, '0EJ975EL', 1, 1, 1, 'нет', 'нет', 3, 0, '2021-05-21 15:53:14', '', 0),
(1425, 591, 135, 1, '0EJ98ETL', 1, 1, 1, 'нет', 'нет', 3, 0, '2021-05-21 15:54:02', '', 0),
(1426, 592, 77, 1, 'WAF276N6', 1, 1, 1, 'INM-69675', 'INC000000036145', 3, 0, '2021-05-25 16:51:55', '', 0),
(1427, 592, 77, 2, 'CK200202714916', 1, 1, 1, 'INM-69675', 'INC000000036145', 3, 0, '2021-05-25 16:52:50', 'отредактировал', 0),
(1428, 593, 77, 1, '2AXMDLNN', 3, 1, 2, 'INM-69675', 'INC000000036145', 6, 0, '2021-05-25 20:26:48', '', 0),
(1429, 339, 77, 2, 'CE805160667622', 5, 1, 3, 'INM-69675', 'INC000000036145', 6, 0, '2021-05-25 20:30:01', 'установлен в EMC 24.05.21', 0),
(1430, 339, 77, 2, 'CE805160667622', 1, 1, 3, 'INM-69675', 'INC000000036145', 6, 0, '2021-05-25 20:50:02', 'установлен в EMC 24.05.21', 0),
(1431, 339, 77, 6, '', 5, 3, 3, 'INM-69675', 'INC000000036145', 6, 0, '2021-05-25 20:52:25', 'disk 1 счёт с 0, установлен в EMC 24.05.21', 0),
(1438, 582, 135, 8, '', 4, 4, 3, '', '', 11, 0, '2021-05-26 21:30:07', '', 0),
(1439, 583, 135, 8, '', 4, 4, 3, '', '', 11, 0, '2021-05-26 21:30:07', '', 0),
(1440, 584, 135, 8, '', 4, 4, 3, '', '', 11, 0, '2021-05-26 21:30:07', '', 0),
(1441, 585, 135, 8, '', 4, 4, 3, '', '', 11, 0, '2021-05-26 21:30:07', '', 0),
(1442, 586, 135, 8, '', 4, 4, 3, '', '', 11, 0, '2021-05-26 21:30:07', '', 0),
(1443, 582, 135, 9, '', 4, 1, 4, '', '', 3, 0, '2021-05-26 22:04:20', 'Забрал на склад все убитые диски попытка 1', 0),
(1444, 583, 135, 9, '', 4, 1, 4, '', '', 3, 0, '2021-05-26 22:04:20', 'Забрал на склад все убитые диски попытка 1', 0),
(1445, 584, 135, 9, '', 4, 1, 4, '', '', 3, 0, '2021-05-26 22:04:20', 'Забрал на склад все убитые диски попытка 1', 0),
(1446, 585, 135, 9, '', 4, 1, 4, '', '', 3, 0, '2021-05-26 22:04:20', 'Забрал на склад все убитые диски попытка 1', 0),
(1447, 586, 135, 9, '', 4, 1, 4, '', '', 3, 0, '2021-05-26 22:04:20', 'Забрал на склад все убитые диски попытка 1', 0),
(1448, 575, 134, 10, '', 4, 2, 3, '', '', 3, 0, '2021-05-26 22:12:38', '', 0),
(1449, 575, 134, 10, '', 4, 2, 3, '', '', 3, 0, '2021-05-26 22:34:22', '', 0),
(1450, 566, 93, 4, '', 3, 4, 3, '', '', 3, 0, '2021-05-26 22:34:44', '', 0),
(1451, 566, 93, 8, '', 4, 4, 3, '', '', 11, 0, '2021-05-26 22:34:52', '', 0),
(1452, 568, 104, 10, '', 4, 2, 3, '', '', 3, 0, '2021-05-26 22:35:12', '', 0),
(1453, 580, 73, 4, '', 3, 4, 3, '', '', 3, 0, '2021-05-26 22:35:25', '', 0),
(1454, 580, 73, 8, '', 4, 4, 3, '', '', 11, 0, '2021-05-26 22:35:31', '', 0),
(1455, 566, 93, 9, '', 4, 1, 4, '', '', 3, 0, '2021-05-26 22:35:39', '', 0),
(1456, 580, 73, 9, '', 4, 1, 4, '', '', 3, 0, '2021-05-26 22:35:39', '', 0),
(1457, 566, 93, 10, '', 4, 2, 3, '', '', 3, 0, '2021-05-26 22:36:29', '', 0),
(1458, 580, 73, 10, '', 4, 2, 3, '', '', 3, 0, '2021-05-26 22:37:11', '', 0),
(1459, 594, 136, 1, 'KWKKBLLX', 1, 1, 1, 'INM-69951', 'INC000000036146', 4, 0, '2021-05-31 12:58:42', '', 0),
(1460, 595, 136, 1, 'KWJSTSES', 3, 1, 2, 'INM-69951', 'INC000000036146', 4, 0, '2021-05-31 13:09:12', '', 0),
(1461, 594, 136, 6, '', 5, 3, 3, 'INM-69951', 'INC000000036146', 4, 0, '2021-05-31 13:22:27', '', 0),
(1462, 595, 136, 4, '', 3, 4, 3, '', '', 4, 0, '2021-05-31 13:24:21', '', 0),
(1463, 595, 136, 8, '', 4, 4, 3, '', '', 11, 0, '2021-06-02 08:46:00', '', 0),
(1464, 595, 136, 9, '', 4, 1, 4, '', '', 3, 0, '2021-06-02 08:46:27', 'По факту забрал диск Погожин Е.', 0),
(1465, 592, 77, 6, '', 5, 3, 3, 'INM-71352', 'INC000000036253', 3, 0, '2021-06-02 15:53:52', 'отредактировал', 0),
(1466, 596, 128, 1, 'CE806145062675', 3, 1, 2, 'INM-71352', 'INC000000036253', 3, 0, '2021-06-02 15:56:11', '', 0),
(1467, 597, 138, 1, 'CK210203506120', 1, 1, 1, 'INM-71352', 'INC000000036253', 5, 0, '2021-06-07 18:44:26', '', 0),
(1468, 597, 138, 5, '', 0, 5, 0, '', '', 5, 0, '2021-06-07 18:48:27', 'ДУБЛЬ', 1),
(1469, 598, 77, 1, 'CK210203506120', 1, 1, 1, 'INM-71352', 'INC000000036253', 5, 0, '2021-06-07 18:50:58', '', 0),
(1470, 463, 105, 6, '', 5, 3, 3, 'INM-72088', '', 7, 0, '2021-06-08 12:13:01', '', 0),
(1471, 599, 105, 1, 'KNKUNRRN', 3, 1, 2, 'INM-72088', 'нет', 7, 0, '2021-06-08 12:37:34', '', 0),
(1472, 600, 104, 1, 'X030A073F4YR', 1, 1, 1, 'INM-72088', 'INC000000036306', 6, 0, '2021-06-09 19:06:40', '', 0),
(1473, 601, 136, 1, 'test', 3, 1, 2, 'test', 'test', 1, 0, '2021-06-11 21:44:09', 'Тестовый диск', 0),
(1474, 601, 136, 4, '', 3, 4, 3, '', '', 3, 0, '2021-06-11 21:44:59', 'тестовый', 0),
(1475, 601, 136, 7, '', 3, 1, 4, '', '', 1, 0, '2021-06-11 22:14:10', 'ОТклонено', 0),
(1476, 601, 136, 4, '', 3, 4, 3, '', '', 3, 0, '2021-06-11 22:15:27', 'test', 0),
(1477, 601, 136, 7, '', 3, 1, 4, '', '', 11, 0, '2021-06-11 22:25:19', 'Тест', 0),
(1478, 601, 136, 4, '', 3, 4, 3, '', '', 1, 0, '2021-06-11 22:37:46', 'тест', 0),
(1479, 601, 136, 7, '', 3, 1, 4, '', '', 1, 0, '2021-06-11 22:37:52', 'тест', 0),
(1480, 601, 136, 4, '', 3, 4, 3, '', '', 1, 0, '2021-06-11 22:38:22', 'тест', 0),
(1481, 601, 136, 7, '', 3, 1, 4, '', '', 11, 0, '2021-06-11 22:42:37', 'test', 0),
(1482, 601, 136, 4, '', 3, 4, 3, '', '', 1, 0, '2021-06-11 22:43:35', 'sdf', 0),
(1483, 601, 136, 7, '', 3, 1, 4, '', '', 1, 0, '2021-06-11 22:44:44', 'test', 0),
(1484, 601, 136, 4, '', 3, 4, 3, '', '', 1, 0, '2021-06-11 22:47:08', 'test', 0),
(1485, 601, 136, 7, '', 3, 1, 4, '', '', 1, 0, '2021-06-11 22:47:15', 'test', 0),
(1486, 601, 136, 4, '', 3, 4, 3, '', '', 1, 0, '2021-06-11 22:48:56', 'test', 0),
(1487, 601, 136, 7, '', 3, 1, 4, '', '', 1, 0, '2021-06-11 22:49:05', 'test', 0),
(1488, 601, 136, 4, '', 3, 4, 3, '', '', 1, 0, '2021-06-11 22:49:19', 'test', 0),
(1489, 601, 136, 7, '', 3, 1, 4, '', '', 11, 0, '2021-06-11 22:49:56', 'test', 0),
(1490, 601, 136, 4, '', 3, 4, 3, '', '', 1, 0, '2021-06-11 22:52:03', 'test', 0),
(1491, 601, 136, 7, '', 3, 1, 4, '', '', 11, 0, '2021-06-11 22:52:28', 'test', 0),
(1492, 601, 136, 4, '', 3, 4, 3, '', '', 1, 0, '2021-06-11 22:52:38', 'test', 0),
(1493, 601, 136, 7, '', 3, 1, 4, '', '', 11, 0, '2021-06-11 22:56:13', 'test', 0),
(1494, 601, 136, 4, '', 3, 4, 3, '', '', 1, 0, '2021-06-11 23:00:04', 'test', 0),
(1495, 601, 136, 7, '', 3, 1, 4, '', '', 11, 0, '2021-06-11 23:06:44', 'test', 0),
(1496, 601, 136, 4, '', 3, 4, 3, '', '', 1, 0, '2021-06-11 23:08:34', '1', 0),
(1497, 601, 136, 7, '', 3, 1, 4, '', '', 1, 0, '2021-06-11 23:08:41', '1', 0),
(1498, 601, 136, 4, '', 3, 4, 3, '', '', 1, 0, '2021-06-11 23:17:49', '1', 0),
(1499, 601, 136, 7, '', 3, 1, 4, '', '', 1, 0, '2021-06-11 23:17:58', '2', 0),
(1500, 601, 136, 4, '', 3, 4, 3, '', '', 1, 0, '2021-06-11 23:19:39', '2', 0),
(1501, 601, 136, 7, '', 3, 1, 4, '', '', 1, 0, '2021-06-11 23:19:47', '1', 0),
(1502, 601, 136, 4, '', 3, 4, 3, '', '', 1, 0, '2021-06-11 23:20:09', '1', 0),
(1503, 601, 136, 13, '', 3, 6, 3, '', '', 11, 0, '2021-06-11 23:20:25', '1', 0),
(1504, 601, 136, 14, '', 3, 4, 3, '', '', 11, 0, '2021-06-11 23:20:47', '2', 0),
(1505, 601, 136, 13, '', 3, 6, 3, '', '', 11, 0, '2021-06-11 23:20:52', '1', 0),
(1506, 601, 136, 14, '', 3, 4, 3, '', '', 11, 0, '2021-06-11 23:21:53', '3', 0),
(1507, 601, 136, 13, '', 3, 6, 3, '', '', 11, 0, '2021-06-11 23:21:57', '12', 0),
(1508, 601, 136, 14, '', 3, 4, 3, '', '', 1, 0, '2021-06-11 23:24:27', '23', 0),
(1509, 601, 136, 13, '', 3, 6, 3, '', '', 1, 0, '2021-06-11 23:24:39', '123', 0),
(1510, 601, 136, 14, '', 3, 4, 3, '', '', 1, 0, '2021-06-11 23:24:43', '123', 0),
(1511, 601, 136, 13, '', 3, 6, 3, '', '', 11, 0, '2021-06-11 23:25:06', '123', 0),
(1512, 601, 136, 14, '', 3, 4, 3, '', '', 11, 0, '2021-06-11 23:25:10', '123', 0),
(1513, 601, 136, 7, '', 3, 1, 4, '', '', 11, 0, '2021-06-11 23:25:16', '1', 0),
(1514, 601, 136, 4, '', 3, 4, 3, '', '', 1, 0, '2021-06-11 23:25:22', '123', 0),
(1515, 601, 136, 2, 'test', 3, 4, 3, 'test', 'test', 1, 0, '2021-06-11 23:25:31', 'Тестовый диск', 0),
(1516, 601, 136, 2, 'test', 3, 4, 3, 'test', 'test', 1, 0, '2021-06-11 23:26:11', 'Тестовый диск', 0),
(1517, 601, 136, 13, '', 3, 6, 3, '', '', 1, 0, '2021-06-12 00:07:09', '23', 0),
(1518, 601, 136, 14, '', 3, 4, 3, '', '', 1, 0, '2021-06-12 00:07:26', '12321', 0),
(1519, 601, 136, 7, '', 3, 1, 4, '', '', 1, 0, '2021-06-12 00:22:23', '123', 0),
(1520, 601, 136, 4, '', 3, 4, 3, '', '', 1, 0, '2021-06-12 00:22:59', '12', 0),
(1521, 601, 136, 13, '', 3, 6, 3, '', '', 1, 0, '2021-06-12 00:23:07', '123', 0),
(1522, 601, 136, 14, '', 3, 4, 3, '', '', 1, 0, '2021-06-12 00:23:26', '1231', 0),
(1523, 601, 136, 8, '', 4, 4, 3, '', '', 11, 0, '2021-06-12 00:29:53', '1', 0),
(1524, 601, 136, 9, '', 4, 1, 4, '', '', 1, 0, '2021-06-12 00:30:15', '1', 0),
(1525, 601, 136, 5, '', 0, 5, 0, '', '', 1, 0, '2021-06-12 00:31:52', '1', 1),
(1526, 602, 136, 1, 'test2', 3, 1, 2, 'test2', 'test2', 3, 0, '2021-06-12 00:46:04', 'test2', 0),
(1527, 602, 136, 4, '', 3, 4, 3, '', '', 3, 0, '2021-06-12 00:46:11', 'test2', 0),
(1528, 602, 136, 8, '', 4, 4, 3, '', '', 11, 0, '2021-06-12 00:46:26', 'test2', 0),
(1529, 602, 136, 9, '', 4, 1, 4, '', '', 3, 0, '2021-06-12 00:46:35', '', 0),
(1530, 602, 136, 10, '', 4, 2, 3, '', '', 3, 0, '2021-06-12 00:46:45', 'test2', 0),
(1531, 602, 136, 5, '', 0, 5, 0, '', '', 3, 0, '2021-06-12 00:47:00', 'test2', 1),
(1532, 603, 136, 1, 'test2', 1, 1, 1, 'test2', 'test2', 3, 0, '2021-06-12 00:47:19', 'test2', 0),
(1533, 603, 136, 2, 'test2', 3, 1, 2, 'test2', 'test2', 3, 0, '2021-06-12 00:47:28', 'test2', 0),
(1534, 603, 136, 4, '', 3, 4, 3, '', '', 3, 0, '2021-06-12 00:47:36', 'test2', 0),
(1535, 603, 136, 8, '', 4, 4, 3, '', '', 11, 0, '2021-06-12 00:47:42', 'test2', 0),
(1536, 603, 136, 9, '', 4, 1, 4, '', '', 3, 0, '2021-06-12 00:47:52', 'test2', 0),
(1537, 603, 136, 5, '', 0, 5, 0, '', '', 3, 0, '2021-06-12 00:48:00', 'test2', 1),
(1538, 604, 136, 1, 'test2', 3, 1, 2, 'test2', 'test2', 3, 0, '2021-06-12 00:48:18', '', 0),
(1539, 604, 136, 4, '', 3, 4, 3, '', '', 3, 0, '2021-06-12 00:48:31', 'test2', 0),
(1540, 604, 136, 8, '', 4, 4, 3, '', '', 1, 0, '2021-06-12 00:48:48', 'test2', 0),
(1541, 604, 136, 9, '', 4, 1, 4, '', '', 1, 0, '2021-06-12 00:48:54', 'test2', 0),
(1542, 604, 136, 5, '', 0, 5, 0, '', '', 3, 0, '2021-06-12 00:49:06', 'test2', 1),
(1543, 605, 136, 1, 'test2', 3, 1, 2, 'test2', 'test2', 3, 0, '2021-06-12 00:49:22', 'test2', 0),
(1544, 605, 136, 4, '', 3, 4, 3, '', '', 3, 0, '2021-06-12 00:49:30', 'test2', 0),
(1545, 605, 136, 7, '', 3, 1, 4, '', '', 1, 0, '2021-06-12 00:49:42', 'test2', 0),
(1546, 605, 136, 4, '', 3, 4, 3, '', '', 3, 0, '2021-06-12 00:49:53', 'test2', 0),
(1547, 605, 136, 13, '', 3, 6, 3, '', '', 1, 0, '2021-06-12 00:49:58', 'test2', 0),
(1548, 605, 136, 14, '', 3, 4, 3, '', '', 1, 0, '2021-06-12 00:50:02', 'test2', 0),
(1549, 605, 136, 13, '', 3, 6, 3, '', '', 1, 0, '2021-06-12 00:50:10', 'test2', 0),
(1550, 605, 136, 14, '', 3, 4, 3, '', '', 1, 0, '2021-06-12 00:50:16', 'test2', 0),
(1551, 605, 136, 8, '', 4, 4, 3, '', '', 1, 0, '2021-06-12 00:50:21', 'test2', 0),
(1552, 605, 136, 9, '', 4, 1, 4, '', '', 1, 0, '2021-06-12 00:50:31', 'test2', 0),
(1553, 605, 136, 5, '', 0, 5, 0, '', '', 1, 0, '2021-06-12 00:50:36', 'test2', 1),
(1554, 606, 139, 1, '464151T-1752UAU8LL', 1, 1, 1, 'INM-71065', 'INC000000036232', 5, 0, '2021-06-17 02:01:37', '', 0),
(1555, 606, 139, 6, '', 5, 3, 3, 'INM-71065', 'INC000000036232', 5, 0, '2021-06-17 02:05:06', '', 0),
(1556, 607, 139, 1, '464151T-1440DL58TG', 3, 1, 2, 'INM-71065', 'INC000000036232', 5, 0, '2021-06-17 02:08:06', '', 0),
(1557, 608, 102, 1, '3NM157GEL', 3, 1, 2, 'INM-73068', 'INC000000036388', 6, 0, '2021-06-17 10:42:40', '', 0),
(1558, 609, 102, 1, '3NM92ALN', 1, 1, 1, 'INM-73068', 'INC000000036388', 6, 0, '2021-06-17 15:13:21', '', 0),
(1559, 609, 102, 6, '', 5, 3, 3, 'INM-73068', 'INC000000036388', 6, 0, '2021-06-17 15:18:14', '', 0),
(1560, 610, 102, 1, 'P4W5B64A', 1, 1, 1, 'INM-73068', 'INC000000036388', 6, 0, '2021-06-17 18:23:50', '', 0),
(1561, 611, 86, 1, '14V0A06XFVU4', 1, 1, 1, 'INM-72701', 'INC000000036345', 7, 0, '2021-06-22 13:16:59', '', 0),
(1562, 612, 86, 1, 'Z1Z3WH6G', 1, 1, 1, 'INM-72701', 'INC000000036345', 7, 0, '2021-06-22 13:18:16', '', 0),
(1563, 612, 86, 2, 'Z1Z3WH6G', 1, 1, 2, 'INM-72701', 'INC000000036345', 7, 0, '2021-06-22 13:18:54', 'Из ЦОД', 0),
(1564, 611, 86, 6, '', 5, 3, 3, 'INM-72701', 'INC000000036345', 7, 0, '2021-06-22 13:20:28', '', 0),
(1565, 612, 86, 2, 'Z1Z3WH6G', 3, 1, 2, 'INM-72701', 'INC000000036345', 7, 0, '2021-06-22 13:24:12', 'Из ЦОД', 0),
(1566, 611, 86, 2, '14V0A06XFVU4', 1, 3, 1, 'INM-72701', 'INC000000036345', 7, 0, '2021-06-22 13:30:57', 'Новый', 0),
(1567, 611, 86, 2, '14V0A06XFVU4', 1, 3, 1, 'INM-72701', 'INC000000036345', 7, 0, '2021-06-22 13:35:04', 'Новый', 0),
(1568, 612, 86, 2, 'Z1Z3WH6G', 3, 1, 2, 'INM-72701', 'INC000000036345', 7, 0, '2021-06-22 13:40:57', 'Из ЦОД', 0),
(1569, 612, 86, 4, '', 3, 4, 3, '', '', 5, 0, '2021-06-23 13:08:43', 'Отдан в ОБ 23.06.2021', 0),
(1570, 613, 140, 1, 'KHG8BLNX', 1, 1, 1, 'нет', 'нет', 7, 0, '2021-06-26 15:24:47', '', 0),
(1571, 613, 140, 2, 'KHG8BLNX', 5, 1, 1, 'INM-71474', 'INC000000036262', 7, 0, '2021-06-26 15:27:29', 'Выполнено дозаполнение информации', 0),
(1572, 614, 130, 1, '6SE0N3N5', 3, 1, 2, 'INM-71474', 'INC000000036262', 7, 0, '2021-06-26 15:46:28', '', 0),
(1573, 613, 140, 2, 'KHG8BLNX', 5, 1, 3, 'INM-71474', 'INC000000036262', 7, 0, '2021-06-26 15:53:28', 'Выполнено дозаполнение информации', 0),
(1574, 613, 140, 2, 'KHG8BLNX', 1, 1, 1, 'INM-71474', 'INC000000036262', 7, 0, '2021-06-26 15:57:09', 'Выполнено дозаполнение информации', 0),
(1575, 613, 140, 6, '', 5, 3, 3, 'INM-71474', 'INC000000036262', 7, 0, '2021-06-26 16:01:30', 'Номер диска №20 (отсутствует в списке выбора)\r\nПришлось указать Номер диска №18', 0),
(1576, 615, 126, 1, '6SJ9A8H1', 1, 1, 1, 'INM-70938', 'INC000000036220', 7, 0, '2021-06-26 16:18:50', '', 0),
(1577, 616, 126, 1, '3SJ1Y76T', 3, 1, 2, 'INM-70938', 'INC000000036220', 7, 0, '2021-06-26 16:20:15', '', 0),
(1578, 615, 126, 6, '', 5, 3, 3, 'INM-70938', 'INC000000036220', 7, 0, '2021-06-26 16:21:20', '', 0),
(1579, 617, 126, 1, '6SJ9AHSS', 1, 1, 1, 'INM-73579', 'INC000000036436', 7, 0, '2021-06-26 16:34:44', '', 0),
(1580, 618, 126, 1, '6SJ2HWJQ', 3, 1, 2, 'INM-73579', 'INC000000036436', 7, 0, '2021-06-26 16:36:01', '', 0),
(1581, 617, 126, 6, '', 5, 3, 3, 'INM-73579', 'INC000000036436', 7, 0, '2021-06-26 16:36:45', '', 0),
(1582, 611, 86, 2, '14V0A06XFVU4', 1, 3, 3, 'INM-72701', 'INC000000036345', 7, 0, '2021-06-26 16:46:15', 'Новый', 0),
(1583, 611, 86, 2, '14V0A06XFVU4', 1, 3, 1, 'INM-72701', 'INC000000036345', 7, 0, '2021-06-26 16:47:32', 'Новый', 0),
(1584, 619, 135, 1, 'WFK98N0Y', 1, 1, 1, 'INM-74129', 'INC000000036493', 6, 0, '2021-06-29 16:02:31', '', 0),
(1585, 620, 135, 1, 'KZJLBTVG', 3, 1, 2, 'INM-74129', 'INC000000036493', 6, 0, '2021-06-29 16:04:26', '', 0),
(1586, 612, 86, 2, 'Z1Z3WH6G', 4, 4, 2, 'INM-72701', 'INC000000036345', 6, 0, '2021-06-29 16:17:59', 'Из ЦОД', 0),
(1587, 612, 86, 2, 'Z1Z3WH6G', 6, 4, 2, 'INM-72701', 'INC000000036345', 6, 0, '2021-06-29 16:18:16', 'Из ЦОД', 0),
(1588, 620, 135, 4, '', 3, 4, 3, '', '', 6, 0, '2021-06-29 16:19:37', '', 0),
(1589, 620, 135, 2, 'KZJLBTVG', 4, 4, 2, 'INM-74129', 'INC000000036493', 6, 0, '2021-06-29 16:20:05', 'Диск убит в ОБ', 0),
(1590, 620, 135, 9, '', 4, 1, 4, '', '', 6, 0, '2021-06-29 16:20:16', 'забран на склад', 0),
(1591, 612, 86, 2, 'Z1Z3WH6G', 3, 4, 2, 'INM-72701', 'INC000000036345', 6, 0, '2021-06-29 16:26:38', 'Из ЦОД', 0),
(1592, 614, 130, 4, '', 3, 4, 3, '', '', 6, 0, '2021-06-29 16:27:36', 'Передан в ОБ', 0),
(1593, 616, 126, 4, '', 3, 4, 3, '', '', 6, 0, '2021-06-29 16:30:05', 'Передан в ОБ', 0),
(1594, 611, 86, 2, '14V0A06XFVU4', 3, 3, 3, 'INM-72701', 'INC000000036345', 7, 0, '2021-06-30 08:12:18', 'Новый', 0),
(1595, 611, 86, 2, '14V0A06XFVU4', 5, 3, 3, 'INM-72701', 'INC000000036345', 7, 0, '2021-06-30 08:12:27', 'Новый', 0),
(1596, 612, 86, 2, 'Z1Z3WH6G', 3, 4, 2, 'INM-72701', 'INC000000036345', 7, 0, '2021-06-30 08:18:02', 'Из ЦОД', 0),
(1597, 586, 135, 10, '', 4, 2, 3, '', '', 3, 0, '2021-06-30 12:09:15', '', 0),
(1598, 585, 135, 10, '', 4, 2, 3, '', '', 3, 0, '2021-06-30 12:09:32', '', 0),
(1599, 584, 135, 10, '', 4, 2, 3, '', '', 3, 0, '2021-06-30 12:09:46', '', 0),
(1600, 582, 135, 10, '', 4, 2, 3, '', '', 3, 0, '2021-06-30 12:09:59', '', 0),
(1601, 583, 135, 10, '', 4, 2, 3, '', '', 3, 0, '2021-06-30 12:10:14', '', 0),
(1602, 620, 135, 10, '', 4, 2, 3, '', '', 3, 0, '2021-06-30 12:10:40', '', 0),
(1603, 621, 136, 1, 'W7GKAYLX', 1, 1, 1, 'нет', 'нет', 3, 0, '2021-06-30 18:39:09', 'Диски привезены курьером без заявки. Лежат в ЗИПЕ в кабинете, нижняя полка шкафа с книгами.', 0),
(1604, 622, 135, 1, '0EJAU4ZL', 1, 1, 1, 'нет', 'нет', 3, 0, '2021-06-30 18:41:00', 'Диски привезены инжненером IBS без заявки. Лежат в ЗИПЕ в кабинете, нижняя полка шкафа с книгами.', 0),
(1605, 623, 135, 1, '0EJAT94L', 1, 1, 1, 'нет', 'нет', 3, 0, '2021-06-30 18:42:04', 'Диски привезены курьером IBS без заявки. Лежат в ЗИПЕ в кабинете, нижняя полка шкафа с книгами.', 0),
(1606, 624, 93, 1, '3QQ08M0T', 3, 1, 2, 'INM-76365', 'нет', 3, 0, '2021-07-12 11:38:04', '', 0),
(1607, 570, 133, 6, '', 5, 3, 3, 'INM-76365', '', 3, 0, '2021-07-12 11:40:21', '', 0),
(1608, 624, 93, 4, '', 3, 4, 3, '', '', 3, 0, '2021-07-12 11:45:46', '', 0),
(1609, 624, 93, 8, '', 4, 4, 3, '', '', 1, 0, '2021-07-12 14:31:50', '', 0),
(1610, 624, 93, 9, '', 4, 1, 4, '', '', 1, 0, '2021-07-12 14:31:55', '', 0),
(1611, 624, 93, 2, '3QQ08M0T', 4, 1, 4, 'INM-76365', 'INC000000036655', 3, 0, '2021-07-12 16:33:12', 'Добавил INC', 0),
(1612, 625, 93, 1, 'LWX6MX6N', 1, 1, 1, 'INM-76365', 'INC000000036655', 4, 0, '2021-07-12 20:05:43', '', 0);

-- --------------------------------------------------------

--
-- Структура таблицы `disk_templ`
--

CREATE TABLE `disk_templ` (
  `id` int NOT NULL,
  `name` varchar(60) NOT NULL,
  `type_equipment` varchar(60) CHARACTER SET utf8mb4 COLLATE utf8mb4_0900_ai_ci NOT NULL,
  `segment` varchar(60) NOT NULL,
  `form_factor` varchar(30) NOT NULL,
  `firm` varchar(60) NOT NULL,
  `interface` varchar(60) NOT NULL,
  `rpm` int NOT NULL,
  `volume` int NOT NULL,
  `part_number` varchar(90) CHARACTER SET utf8mb4 COLLATE utf8mb4_0900_ai_ci NOT NULL,
  `logs` tinyint(1) NOT NULL,
  `comment` text NOT NULL,
  `monitor` tinyint(1) NOT NULL,
  `treshold` int NOT NULL,
  `id_user` int NOT NULL,
  `deleted` tinyint(1) NOT NULL,
  `date` datetime NOT NULL
) ENGINE=InnoDB DEFAULT CHARSET=utf8mb4 COLLATE=utf8mb4_0900_ai_ci;

--
-- Дамп данных таблицы `disk_templ`
--

INSERT INTO `disk_templ` (`id`, `name`, `type_equipment`, `segment`, `form_factor`, `firm`, `interface`, `rpm`, `volume`, `part_number`, `logs`, `comment`, `monitor`, `treshold`, `id_user`, `deleted`, `date`) VALUES
(72, 'IBM 3TB 7,2K SATA', 'NetAPP DS4246\r\n', 'СХД', '3.5', 'IBM', 'SATA', 7200, 3000, 'SP-308A-R6 SP-308A-R5 108-00277+B0 108-00277+A0 108-00277+A1 118032839-02', 0, 'Готово', 0, 0, 3, 0, '2021-03-30 12:30:13'),
(73, 'IBM 2TB 7,2k SATA', 'NetAPP DS4246\r\n', 'СХД', '3.5', 'IBM', 'SATA', 7200, 2000, 'SP-306A-R6 108-00270+B0 108-00270+B1 108-00270+A0', 0, 'Добавил 108-00270+A0\r\n', 0, 0, 1, 0, '2021-04-05 10:29:08'),
(74, 'IBM 600Gb 10K SAS', 'NetApp DS\r\n', 'СХД', '2.5', 'IBM', 'SAS', 10000, 600, 'SP-412B-R6 SP-412A-R5 108-00405+B0', 0, '', 0, 0, 1, 1, '2021-04-05 10:33:38'),
(75, 'IBM 300Gb 15K SAS', 'IBM DS\r\n', 'СХД', '3.5', 'IBM', 'SAS', 15000, 300, 'SP-410A-R5 108-00232+A1 108-00232+A0 43X0877', 0, '.', 0, 0, 1, 0, '2021-04-05 10:35:42'),
(76, 'EMC 2Tb 7,2K SAS', 'VNX', 'СХД', '3.5', 'EMC', 'SAS', 7200, 2000, '005049277', 0, '', 0, 0, 1, 0, '2021-04-05 10:44:34'),
(77, 'EMC 600Gb 15K SAS', 'VNX 7500\r\n', 'СХД', '3.5', 'EMC', 'SAS', 15000, 600, '005052933 005050854 005049274', 0, '', 0, 0, 1, 0, '2021-04-05 10:45:22'),
(78, 'EMC 300Gb 15K SAS', 'VNX 7500\r\n', 'СХД', '3.5', 'EMC', 'SAS', 15000, 300, '005049671', 0, '', 0, 0, 1, 0, '2021-04-05 10:46:24'),
(79, 'EMC 200Gb SSD SAS', 'VNX 7500\r\n', 'СХД', '3.5', 'EMC', 'SAS', 0, 146, '005049185', 0, '', 0, 0, 1, 0, '2021-04-05 10:50:21'),
(80, 'EMC 100Gb SSD SAS', 'VNX 7500\r\n', 'СХД', '3.5', 'EMC', 'SAS', 0, 146, '005049184', 0, '', 0, 0, 1, 0, '2021-04-05 10:50:53'),
(81, 'IBM 146Gb 15K SAS2', 'IBM POWER S822\r\n\r\n', 'СХД', '2.5', 'IBM', 'SAS', 15000, 146, '404712-001, 26K5702', 0, '26K5702', 0, 0, 1, 1, '2021-04-05 10:53:06'),
(82, 'HP 72Gb 10K SCSI', 'HP DL380 G4\r\n', 'СХД', '3.5', 'HP', 'SCSI', 10000, 72, '289042-001 404709-001 404713-001', 0, '', 0, 0, 1, 0, '2021-04-05 11:47:16'),
(83, '600Gb SAS2 15K 3,5', 'HP P2000 G3\r\n', 'СХД', '3.5', 'HP', 'SAS', 15000, 600, '601777-001', 0, '', 0, 0, 1, 0, '2021-04-05 13:46:52'),
(84, '450Gb 15K SAS', ' IBM DS5300\r\n', 'СХД', '3.5', 'IBM', 'SAS', 15000, 450, '454274-001', 0, 'Нету типа обарудования(указал IBM DS5300) и фирмы(IBM)', 0, 0, 1, 0, '2021-04-05 13:51:02'),
(85, 'HP 500Gb 7,2K SATA', 'HP DL320 G6\r\n', 'СХД', '2.5', 'HP', 'SATA', 7200, 500, '459319-001, 507631-001 508035-001 656107', 0, '.', 0, 0, 1, 0, '2021-04-05 13:54:51'),
(86, 'CISCO 4Tb 7,2K', 'UCS C240 M3(HADOOP R43)\r\n', 'СХД', '3.5', 'CISCO', 'SAS', 7200, 4000, '9ZM270-175, 0B29868, 9ZM270-004', 0, 'cisco', 0, 0, 1, 0, '2021-04-05 14:05:55'),
(87, 'EMC 300Gb 15K SAS 2,5', 'EMC VNX5600\r\n', 'СХД', '2.5', 'EMC', 'SAS', 15000, 300, '400-AJRR', 0, '', 0, 0, 1, 0, '2021-04-05 14:09:20'),
(88, 'IBM 3TB 7,2K SATA', 'NetAPP DS4246\r\n', 'СХД', '3.5', 'IBM', 'SATA', 7200, 3000, '118032839-02', 0, '', 0, 0, 1, 1, '2021-04-05 14:12:46'),
(89, 'HP 72Gb 15K SCSI', 'HP DL 380 G4\r\n', 'СХД', '3.5', 'HP', 'SCSI', 15000, 72, '404713-001', 0, '', 0, 0, 1, 0, '2021-04-05 14:34:23'),
(90, 'IBM 146Gb 15K SAS', 'IBM DS3400 \r\n', 'СХД', '3.5', 'IBM', 'SAS', 15000, 146, '39R7350', 0, 'Не нужны', 0, 0, 1, 0, '2021-04-05 15:07:31'),
(91, 'IBM 73Gb 15K SAS', 'IBM DS3400 \r\n', 'СХД', '3.5', 'IBM', 'SAS', 15000, 72, '39R7348, 39R7340', 0, 'Не нужны', 0, 0, 1, 0, '2021-04-05 15:20:30'),
(92, 'IBM 450Gb 15K SAS', 'IBM DS3400 \r\n', 'СХД', '3.5', 'IBM', 'SAS', 15000, 450, '44W2240', 0, '', 0, 0, 1, 0, '2021-04-05 15:23:22'),
(93, 'IBM 450Gb 15K FC', 'IBM DS5300\r\n', 'СХД', '3.5', 'IBM', 'FC', 15000, 450, '44X2451', 0, '', 0, 0, 1, 0, '2021-04-05 15:26:56'),
(94, 'IBM 300Gb 15K SAS', 'IBM DS\r\n', 'СХД', '3.5', 'IBM', 'SAS', 15000, 300, '43X0877', 0, '', 0, 0, 1, 1, '2021-04-05 15:28:36'),
(95, '6Tb SAS 7,2K 3,5', 'NETAPP 5600', 'СХД', '3.5', 'IBM', 'SAS', 7200, 6000, '1YZ210-041, 0F22881', 0, 'Фирма не указана(Указал IBM)', 0, 0, 1, 0, '2021-04-05 15:36:23'),
(96, 'IBM 6Tb(3Tb x 2) 7,2K SAS', 'NetAPP DS4286', 'СХД', '3.5', 'IBM', 'SAS', 7200, 6000, '9SM160-038', 0, '', 0, 0, 1, 0, '2021-04-05 15:42:33'),
(97, 'CISCO 1Tb 7,2K SAS', 'CISC0 UCS C240 M4', 'СХД', '2.5', 'CISCO', 'SAS', 7200, 1000, '9RZ268-175', 0, 'Готово', 0, 0, 1, 0, '2021-04-05 15:51:26'),
(98, '320Gb 7,2K SATA', ' IBM DS5300\r\n', 'СХД', '3.5', 'IBM', 'SAS', 7200, 320, '9HM16C-327', 0, 'Нету типа обарудования(Указал IBM DS5300), Нету фирмы(Указал IBM),', 0, 0, 1, 0, '2021-04-05 15:54:51'),
(99, 'FUJITSU 73Gb SCSI 15K', 'KRAFTWAY', 'СХД', '3.5', 'FUJITSU', 'SCSI', 15000, 72, 'CA06697-B200', 0, 'FUJITSU', 0, 0, 1, 0, '2021-04-05 15:58:33'),
(100, 'FUJITSU 73Gb SCSI 10K', 'KRAFTWAY', 'СХД', '3.5', 'FUJITSU', 'SCSI', 10000, 72, 'CA06350-B100', 0, 'FUJITSU\r\n', 0, 0, 1, 0, '2021-04-05 16:04:55'),
(101, 'HP 72Gb 10K SAS DP', 'HP DL 360 G5, HP ML 570\r\n', 'СХД', '2.5', 'HP', 'SAS DP', 10000, 72, '389346-001', 0, 'Готово', 0, 0, 1, 0, '2021-04-05 16:11:16'),
(102, 'HP 146Gb 10K SAS SP', 'HP DL 360 G5, HP ML 570, HP BL\r\n', 'СХД', '2.5', 'HP', 'SAS SP', 10000, 146, '507283-001,418399-001,432320-001,42D0653,9F6066-035,9F6066.', 0, 'Добавил парт номер\r\n', 0, 0, 1, 0, '2021-04-05 16:14:44'),
(103, 'HPE 600Gb 15K SAS', ' IBM DS5300\r\n', 'СХД', '2.5', 'HP', 'SAS', 15000, 600, '870794', 0, 'Фирма HPE(поставил HP), нету типа обарудования(поставил IBM DS5300)\r\n', 0, 0, 1, 0, '2021-04-05 16:19:47'),
(104, 'IBM 900Gb 10K SAS', 'NetAPP DS2246\r\n', 'СХД', '2.5', 'IBM', 'SAS', 10000, 900, 'SP-423A-R6 108-00222 108-00222+E1 108-00221+E0 108-00222', 0, '', 0, 0, 1, 0, '2021-04-06 09:27:10'),
(105, 'IBM 600Gb 10K SAS', 'NetApp DS\r\n', 'СХД', '2.5', 'IBM', 'SAS', 10000, 600, 'SP-422A-R6 108-00221+E0 108-00221 108-00221H 108-00221+A0 SP-412B-R6 SP-412A-R5', 0, '108-00405+B0', 0, 0, 1, 0, '2021-04-06 09:30:30'),
(106, 'HP 146Gb 10K SAS SP', 'HP DL 360 G5, HP ML 570\r\n', 'СХД', '2.5', 'HP', 'SAS SP', 10000, 146, '432320-001', 0, '', 0, 0, 1, 1, '2021-04-06 09:45:15'),
(107, 'HP 500Gb 7,2K SATA', 'HP DL320 G6\r\n', 'СХД', '2.5', 'HP', 'SATA', 7200, 500, '508035-001 656107', 0, '', 0, 0, 1, 1, '2021-04-07 09:13:46'),
(108, 'HP 600GB 10K SAS DP', 'HP DL 360 G7', 'СХД', '2.5', 'HP', 'SAS DP', 10000, 600, '581311-001', 0, 'Готово\r\n', 0, 0, 1, 0, '2021-04-07 09:18:04'),
(109, 'IBM 300Gb 15K SAS', 'NetAPP DS2246\r\n', 'СХД', '2.5', 'IBM', 'SAS', 15000, 300, '81Y9671 00Y2428', 0, '.', 0, 0, 1, 0, '2021-04-07 09:19:16'),
(110, 'IBM 146Gb 10K SAS SP', 'Power 740|770\r\n', 'СХД', '2.5', 'IBM', 'SAS SP', 10000, 146, '42D0633', 0, '', 0, 0, 1, 1, '2021-04-07 09:20:20'),
(111, 'IBM 146Gb 15K SAS2', 'IBM POWER S822\r\n\r\n', 'СХД', '2.5', 'IBM', 'SAS2', 15000, 146, '9SV066-175 00FX876 404712-001 26K5702 42D0653 1UT210-039 44V8185 CA07069-B20900BA', 0, 'Готово', 0, 0, 1, 0, '2021-04-07 09:22:08'),
(112, 'IBM 300Gb 10K SAS', 'IBM SWC 2145-DH8\r\n', 'СХД', '2.5', 'IBM', 'SAS', 10000, 300, '90Y8878', 0, 'Готово', 0, 0, 1, 0, '2021-04-07 09:24:29'),
(113, 'IBM 146Gb 15K SAS2', 'IBM POWER S822\r\n\r\n', 'СХД', '2.5', 'IBM', 'SAS', 15000, 146, '00FX876', 0, 'Интерфейс выставлен SAS, поменять(Добавить в список) SAS2', 0, 0, 1, 1, '2021-04-07 09:26:29'),
(114, 'IBM 500GB 7,2K SAS', 'NetApp DS\r\n', 'СХД', '2.5', 'IBM', 'SAS', 7200, 500, '90Y8954 42D0753', 0, 'Неизвестен тип оборудования. Выставлен NetApp DS', 0, 0, 1, 0, '2021-04-07 09:31:24'),
(115, 'DELL 300Gb 15K SAS', 'EMC VNX 5600\r\n', 'СХД', '2.5', 'Dell', 'SAS', 15000, 300, 'HDEAG02DAA51', 0, 'Готово', 0, 0, 1, 0, '2021-04-07 09:34:56'),
(116, 'EMC 300Gb 15K SAS', 'EMC VNX 5700\r\n', 'СХД', '2.5', 'EMC', 'SAS', 15000, 300, '9SW066-431 9SW066-031', 0, 'Готово', 0, 0, 1, 0, '2021-04-07 11:10:18'),
(117, 'IBM 146GB 15K SAS2', 'IBM POWER S822\r\n\r\n', 'СХД', '2.5', 'IBM', 'SAS', 15000, 146, '42D0653', 0, '', 0, 0, 1, 1, '2021-04-08 09:35:17'),
(118, 'EMC 300Gb 15K SAS', 'VNX 5600\r\n', 'СХД', '2.5', 'EMC', 'SAS', 15000, 300, '9SW066-031', 0, 'Изменить VNX5600 \r\nна VNX5700', 0, 0, 1, 1, '2021-04-08 09:37:31'),
(119, 'EMC 600Gb 10K SAS', 'VNX', 'СХД', '3.5', 'EMC', 'SAS', 10000, 600, '0B26071', 0, '', 0, 0, 1, 0, '2021-04-08 09:39:19'),
(120, 'EMC 100Gb SSD SAS', 'EMC VNX 5700\r\n', 'СХД', '3.5', 'EMC', 'SAS', 0, 100, 'MZ6SR100HMDR-000C3', 0, 'Готово', 0, 0, 1, 0, '2021-04-08 09:40:49'),
(121, 'IBM 300Gb 15K SAS', 'NetAPP DS2246\r\n', 'СХД', '2.5', 'IBM', 'SAS', 15000, 300, '00Y2428', 0, '', 0, 0, 1, 1, '2021-04-08 09:42:57'),
(122, 'IBM 300Gb 15K SAS2', 'IBM POWER S822\r\n\r\n', 'СХД', '2.5', 'IBM', 'SAS', 15000, 300, '9SW066-881', 0, '', 0, 0, 1, 0, '2021-04-08 09:45:51'),
(123, 'SUN 300Gb 10K SAS2', 'SUN SPARC T5220\r\n', 'СХД', '2.5', 'SUN', 'SAS', 10000, 300, '0B24179, 9FK066-045', 0, '9FK066-045\r\n', 0, 0, 1, 0, '2021-04-08 09:47:19'),
(124, 'CISCO 300Gb 15K SAS', 'Cisco UCS C220 M3\r\n', 'СХД', '2.5', '>CISCO', 'SAS', 15000, 300, '1MG200-175', 0, '', 0, 0, 1, 0, '2021-04-08 09:51:05'),
(125, 'HP 300Gb 10K SAS', 'HP DL 360 G7', 'СХД', '2.5', 'HP', 'SAS', 10000, 300, '493083-001', 0, '', 0, 0, 1, 0, '2021-04-08 09:55:39'),
(126, 'Seagate 300Gb SAS 15k', 'Terradata 6650\r\n', 'СХД', '3.5', 'Seagate', 'SAS', 10000, 300, '9LB066-042', 0, 'Seagate 300Gb SAS 15k\r\n', 0, 0, 1, 0, '2021-04-08 10:00:55'),
(127, 'IBM 146Gb 10K SAS SP', 'Power 740|770\r\n', 'СХД', '2.5', 'IBM', 'SAS SP', 10000, 146, '42D0633', 0, '', 0, 0, 1, 0, '2021-04-08 10:05:41'),
(128, 'EMC 600GB 15K SAS', 'EMC VNX5600\r\n', 'СХД', '3.5', 'EMC', 'SAS', 15000, 600, '0B24481 005049675', 0, '.', 0, 0, 1, 0, '2021-04-08 13:58:06'),
(129, 'Seagate 300Gb SAS 15k', 'Terradata 6650\r\n', 'СХД', '3.5', 'Seagate', 'SAS', 15000, 300, '9FL004-042', 0, '', 0, 0, 1, 0, '2021-04-12 14:23:11'),
(130, 'Seagate 300Gb SAS 10k', 'TERADATA 2650', 'СХД', '2.5', 'Seagate', 'SAS', 10000, 300, '9LB066-043', 0, 'Изменен ф\\ф из 3.5 на 2.5', 0, 0, 1, 0, '2021-04-12 15:00:53'),
(131, 'SEAGATE 600GB SAS ', 'DEPO Supermicro\r\n', 'СХД', '2.5', 'Seagate', 'SAS', 15000, 600, '1UU200-003 1XF203-003', 0, 'Добавлен парт-номер', 0, 0, 1, 0, '2021-04-12 15:14:52'),
(132, 'Seagate 2TB 7,2k SAS', ' IBM DS5300\r\n', 'СХД', '2.5', 'Seagate', 'SAS', 7200, 2000, '1FM201-004', 0, 'Нету типа оборудования (поставил IBM DS5300)', 0, 0, 1, 0, '2021-04-19 13:13:10'),
(133, 'IBM 450Gb 15K FC', ' IBM DS5300\r\n', 'СХД', '3.5', 'IBM', 'FC', 15000, 450, '44X2450', 1, '', 0, 0, 5, 0, '2021-04-28 11:32:12'),
(134, 'ST8000NM0075', 'CISC0 UCS C240 M4', 'СХД', '3.5', 'Seagate', 'SAS', 7200, 8000, '1RM212-175', 0, '.', 0, 0, 3, 0, '2021-04-29 05:44:06'),
(135, 'SUN ORACLE 1200Gb 10K SAS  ', 'Exadata x4-2\r\n', 'МБД', '2.5', 'SUN', 'SAS', 10000, 1200, '0B28476 0B33096', 0, 'Отредактировано имя', 0, 0, 3, 0, '2021-05-21 13:29:44'),
(136, 'SUN ORACLE 600 GB 10K SAS', 'Exadata x4-2\r\n', 'МБД', '2.5', 'SUN', 'SAS', 10000, 600, '0B26021', 0, '', 0, 0, 4, 0, '2021-05-31 12:54:38'),
(137, 'Exos 15E900', 'EMC VNX 5600\r\n', 'СХД', '3.5', 'Seagate', 'SAS', 15000, 600, 'CK210203506120', 1, '', 1, 1, 5, 1, '2021-06-07 18:36:47'),
(138, 'Exos 15E900', 'EMC VNX 5600\r\n', 'СХД', '3.5', 'Seagate', 'SAS', 15000, 600, '005052933', 1, '', 0, 0, 5, 1, '2021-06-07 18:42:55'),
(139, 'SUN 1.2T', 'Exadata x4-2\r\n', 'МБД', '2.5', 'SUN', 'SAS2', 10000, 1200, '707656 7350770', 1, '', 0, 0, 5, 0, '2021-06-17 01:57:23'),
(140, 'HGST 450GB SAS 10K', 'TERADATA 2650', 'СХД', '2.5', 'Seagate', 'SAS', 10000, 450, '0B27263', 0, 'Изменена модель диска', 0, 0, 7, 0, '2021-06-26 15:19:07');

-- --------------------------------------------------------

--
-- Структура таблицы `disk_templ_movement`
--

CREATE TABLE `disk_templ_movement` (
  `id` int NOT NULL,
  `id_templ` int NOT NULL,
  `name` varchar(60) NOT NULL,
  `type_equipment` varchar(60) NOT NULL,
  `segment` varchar(60) NOT NULL,
  `form_factor` varchar(30) NOT NULL,
  `firm` varchar(50) NOT NULL,
  `interface` varchar(50) NOT NULL,
  `rpm` int NOT NULL,
  `volume` int NOT NULL,
  `part_number` varchar(90) CHARACTER SET utf8mb4 COLLATE utf8mb4_0900_ai_ci NOT NULL,
  `logs` tinyint(1) NOT NULL,
  `comment` text NOT NULL,
  `monitor` tinyint(1) NOT NULL,
  `treshold` int NOT NULL,
  `id_user` int NOT NULL,
  `deleted` tinyint(1) NOT NULL,
  `type_oper` int NOT NULL,
  `date` datetime NOT NULL
) ENGINE=InnoDB DEFAULT CHARSET=utf8mb4 COLLATE=utf8mb4_0900_ai_ci;

--
-- Дамп данных таблицы `disk_templ_movement`
--

INSERT INTO `disk_templ_movement` (`id`, `id_templ`, `name`, `type_equipment`, `segment`, `form_factor`, `firm`, `interface`, `rpm`, `volume`, `part_number`, `logs`, `comment`, `monitor`, `treshold`, `id_user`, `deleted`, `type_oper`, `date`) VALUES
(130, 72, 'IBM 3TB 7,2K SATA', 'NetAPP DS4246\r\n', 'СХД', '3.5', 'IBM', 'SATA', 7200, 3000, 'SP-308A-R6 SP-308A-R5 108-00277+B0 108-00277+A0 108-00277+A1', 0, '', 0, 0, 3, 0, 1, '2021-03-30 12:30:13'),
(131, 73, 'IBM 2TB 7,2k SATA', 'NetAPP DS4246\r\n', 'СХД', '3.5', 'IBM', 'SATA', 7200, 2000, 'SP-306A-R6 108-00270+B0 108-00270+B1', 0, '', 0, 0, 1, 0, 1, '2021-04-05 10:29:08'),
(132, 74, 'IBM 600Gb 10K SAS', 'NetApp DS\r\n', 'СХД', '2.5', 'IBM', 'SAS', 10000, 600, 'SP-412B-R6 SP-412A-R5 108-00405+B0', 0, '', 0, 0, 1, 0, 1, '2021-04-05 10:33:38'),
(133, 75, 'IBM 300Gb 15K SAS', 'IBM DS\r\n', 'СХД', '3.5', 'IBM', 'SAS', 15000, 300, 'SP-410A-R5 108-00232+A1 108-00232+A0', 0, '', 0, 0, 1, 0, 1, '2021-04-05 10:35:42'),
(134, 76, 'EMC 2Tb 7,2K SAS', 'VNX', 'СХД', '3.5', 'EMC', 'SAS', 7200, 2000, '005049277', 0, '', 0, 0, 1, 0, 1, '2021-04-05 10:44:34'),
(135, 77, 'EMC 600Gb 15K SAS', 'VNX 7500\r\n', 'СХД', '3.5', 'EMC', 'SAS', 15000, 600, '005052933 005050854 005049274', 0, '', 0, 0, 1, 0, 1, '2021-04-05 10:45:22'),
(136, 78, 'EMC 300Gb 15K SAS', 'VNX 7500\r\n', 'СХД', '3.5', 'EMC', 'SAS', 15000, 300, '005049671', 0, '', 0, 0, 1, 0, 1, '2021-04-05 10:46:24'),
(137, 79, 'EMC 200Gb SSD SAS', 'VNX 7500\r\n', 'СХД', '3.5', 'EMC', 'SAS', 0, 146, '005049185', 0, '', 0, 0, 1, 0, 1, '2021-04-05 10:50:21'),
(138, 80, 'EMC 100Gb SSD SAS', 'VNX 7500\r\n', 'СХД', '3.5', 'EMC', 'SAS', 0, 146, '005049184', 0, '', 0, 0, 1, 0, 1, '2021-04-05 10:50:53'),
(139, 81, 'IBM 146Gb 15K SAS2', 'IBM POWER S822\r\n\r\n', 'СХД', '2.5', 'IBM', 'SAS', 15000, 146, '404712-001', 0, '', 0, 0, 1, 0, 1, '2021-04-05 10:53:06'),
(140, 82, 'HP 72Gb 10K SCSI', 'HP DL380 G4\r\n', 'СХД', '3.5', 'HP', 'SCSI', 10000, 72, '289042-001 404709-001 404713-001', 0, '', 0, 0, 1, 0, 1, '2021-04-05 11:47:16'),
(141, 83, '600Gb SAS2 15K 3,5', 'HP P2000 G3\r\n', 'СХД', '3.5', 'HP', 'SAS', 15000, 600, '601777-001', 0, '', 0, 0, 1, 0, 1, '2021-04-05 13:46:52'),
(142, 84, '450Gb 15K SAS', ' IBM DS5300\r\n', 'СХД', '3.5', 'IBM', 'SAS', 15000, 450, '454274-001', 0, 'Нету типа обарудования(указал IBM DS5300) и фирмы(IBM)', 0, 0, 1, 0, 1, '2021-04-05 13:51:02'),
(143, 85, 'HP 500Gb 7,2K SATA', 'HP DL320 G6\r\n', 'СХД', '2.5', 'HP', 'SATA', 7200, 500, '459319-001', 0, '', 0, 0, 1, 0, 1, '2021-04-05 13:54:51'),
(144, 85, 'HP 500Gb 7,2K SATA', 'HP DL320 G6\r\n', 'СХД', '2.5', 'HP', 'SATA', 7200, 500, '459319-001, 507631-001', 0, '507631-001', 0, 0, 1, 0, 2, '2021-04-05 13:58:00'),
(145, 86, 'CISCO 4Tb 7,2K', 'UCS C240 M3(HADOOP R43)\r\n', 'СХД', '3.5', '>CSICO', 'SAS', 7200, 4000, '9ZM270-175, 0B29868, 9ZM270-004', 0, '', 0, 0, 1, 0, 1, '2021-04-05 14:05:55'),
(146, 87, 'EMC 300Gb 15K SAS 2,5', 'EMC VNX5600\r\n', 'СХД', '2.5', 'EMC', 'SAS', 15000, 300, '400-AJRR', 0, '', 0, 0, 1, 0, 1, '2021-04-05 14:09:20'),
(147, 88, 'IBM 3TB 7,2K SATA', 'NetAPP DS4246\r\n', 'СХД', '3.5', 'IBM', 'SATA', 7200, 3000, '118032839-02', 0, '', 0, 0, 1, 0, 1, '2021-04-05 14:12:46'),
(148, 89, 'HP 72Gb 15K SCSI', 'HP DL 380 G4\r\n', 'СХД', '3.5', 'HP', 'SCSI', 15000, 72, '404713-001', 0, '', 0, 0, 1, 0, 1, '2021-04-05 14:34:23'),
(149, 90, 'IBM 146Gb 15K SAS', 'IBM DS3400 \r\n', 'СХД', '3.5', 'IBM', 'SAS', 15000, 146, '39R7350', 0, 'Не нужны', 0, 0, 1, 0, 1, '2021-04-05 15:07:31'),
(150, 81, 'IBM 146Gb 15K SAS2', 'IBM POWER S822\r\n\r\n', 'СХД', '2.5', 'IBM', 'SAS', 15000, 146, '404712-001, 26K5702', 0, '26K5702', 0, 0, 1, 0, 2, '2021-04-05 15:16:38'),
(151, 91, 'IBM 73Gb 15K SAS', 'IBM DS3400 \r\n', 'СХД', '3.5', 'IBM', 'SAS', 15000, 72, '39R7348, 39R7340', 0, '', 0, 0, 1, 0, 1, '2021-04-05 15:20:30'),
(152, 91, 'IBM 73Gb 15K SAS', 'IBM DS3400 \r\n', 'СХД', '3.5', 'IBM', 'SAS', 15000, 72, '39R7348, 39R7340', 0, 'Не нужны', 0, 0, 1, 0, 2, '2021-04-05 15:22:08'),
(153, 92, 'IBM 450Gb 15K SAS', 'IBM DS3400 \r\n', 'СХД', '3.5', 'IBM', 'SAS', 15000, 450, '44W2240', 0, '', 0, 0, 1, 0, 1, '2021-04-05 15:23:22'),
(154, 93, 'IBM 450Gb 15K FC', 'IBM DS5300\r\n', 'СХД', '3.5', 'IBM', 'FC', 15000, 450, '44X2451', 0, '', 0, 0, 1, 0, 1, '2021-04-05 15:26:56'),
(155, 94, 'IBM 300Gb 15K SAS', 'IBM DS\r\n', 'СХД', '3.5', 'IBM', 'SAS', 15000, 300, '43X0877', 0, '', 0, 0, 1, 0, 1, '2021-04-05 15:28:36'),
(156, 95, '6Tb SAS 7,2K 3,5', 'NETAPP 5600', 'СХД', '3.5', 'IBM', 'SAS', 7200, 6000, '1YZ210-041, 0F22881', 0, 'Фирма не указана(Указал IBM)', 0, 0, 1, 0, 1, '2021-04-05 15:36:23'),
(157, 96, 'IBM 6Tb(3Tb x 2) 7,2K SAS', 'NetAPP DS4286', 'СХД', '3.5', 'IBM', 'SAS', 7200, 6000, '9SM160-038', 0, '', 0, 0, 1, 0, 1, '2021-04-05 15:42:33'),
(158, 97, 'CISCO 1Tb 7,2K SAS', 'CISC0 UCS C240 M4', 'СХД', '2.5', '>CSICO', 'SAS', 7200, 900, '9RZ268-175', 0, '1 tb', 0, 0, 1, 0, 1, '2021-04-05 15:51:26'),
(159, 98, '320Gb 7,2K SATA', ' IBM DS5300\r\n', 'СХД', '3.5', 'IBM', 'SAS', 7200, 300, '9HM16C-327', 0, 'Нету типа обарудования(Указал IBM DS5300), Нету фирмы(Указал IBM), Обьем 320 gb', 0, 0, 1, 0, 1, '2021-04-05 15:54:51'),
(160, 99, 'FUJITSU 73Gb SCSI 15K', 'KRAFTWAY', 'СХД', '3.5', 'KraftWay', 'SCSI', 15000, 72, 'CA06697-B200', 0, '', 0, 0, 1, 0, 1, '2021-04-05 15:58:33'),
(161, 99, 'FUJITSU 73Gb SCSI 15K', 'KRAFTWAY', 'СХД', '3.5', 'FUJITSU', 'SCSI', 15000, 72, 'CA06697-B200', 0, 'FUJITSU', 0, 0, 1, 0, 2, '2021-04-05 16:01:33'),
(162, 100, 'FUJITSU 73Gb SCSI 10K', 'KRAFTWAY', 'СХД', '3.5', 'KraftWay', 'SCSI', 10000, 72, 'CA06350-B100', 0, '', 0, 0, 1, 0, 1, '2021-04-05 16:04:55'),
(163, 100, 'FUJITSU 73Gb SCSI 10K', 'KRAFTWAY', 'СХД', '3.5', 'FUJITSU', 'SCSI', 10000, 72, 'CA06350-B100', 0, 'FUJITSU\r\n', 0, 0, 1, 0, 2, '2021-04-05 16:05:27'),
(164, 101, 'HP 72Gb 10K SAS DP', 'HP DL 360 G5, HP ML 570\r\n', 'СХД', '2.5', 'HP', 'SAS SP', 10000, 72, '389346-001', 0, 'Поставил SAS SP (нужно SAS DP)', 0, 0, 1, 0, 1, '2021-04-05 16:11:16'),
(165, 102, 'HP 146Gb 10K SAS SP', 'HP DL 360 G5, HP ML 570, HP BL\r\n', 'СХД', '2.5', 'HP', 'SAS SP', 10000, 146, '507283-001, 418399-001, 432320-001', 0, '', 0, 0, 1, 0, 1, '2021-04-05 16:14:44'),
(166, 103, 'HPE 600Gb 15K SAS', ' IBM DS5300\r\n', 'СХД', '2.5', 'HP', 'SAS', 15000, 600, '870794', 0, 'Фирма HPE(поставил HP), нету типа обарудования(поставил IBM DS5300)\r\n', 0, 0, 1, 0, 1, '2021-04-05 16:19:47'),
(167, 97, 'CISCO 1Tb 7,2K SAS', 'CISC0 UCS C240 M4', 'СХД', '2.5', 'CISCO', 'SAS', 7200, 900, '9RZ268-175', 0, '1 tb', 0, 0, 1, 0, 2, '2021-04-06 09:20:11'),
(168, 86, 'CISCO 4Tb 7,2K', 'UCS C240 M3(HADOOP R43)\r\n', 'СХД', '3.5', 'CISCO', 'SAS', 7200, 4000, '9ZM270-175, 0B29868, 9ZM270-004', 0, 'cisco', 0, 0, 1, 0, 2, '2021-04-06 09:20:40'),
(169, 104, 'IBM 900Gb 10K SAS', 'NetAPP DS2246\r\n', 'СХД', '2.5', 'IBM', 'SAS', 10000, 900, 'SP-423A-R6 108-00222 108-00222+E1 108-00221+E0 108-00222', 0, '', 0, 0, 1, 0, 1, '2021-04-06 09:27:10'),
(170, 105, 'IBM 600Gb 10K SAS', 'NetApp DS\r\n', 'СХД', '2.5', 'IBM', 'SAS', 10000, 600, 'SP-422A-R6 108-00221+E0 108-00221 108-00221H 108-00221+A0', 0, '', 0, 0, 1, 0, 1, '2021-04-06 09:30:30'),
(171, 106, 'HP 146Gb 10K SAS SP', 'HP DL 360 G5, HP ML 570\r\n', 'СХД', '2.5', 'HP', 'SAS SP', 10000, 146, '432320-001', 0, '', 0, 0, 1, 0, 1, '2021-04-06 09:45:15'),
(172, 107, 'HP 500Gb 7,2K SATA', 'HP DL320 G6\r\n', 'СХД', '2.5', 'HP', 'SATA', 7200, 500, '508035-001 656107', 0, '', 0, 0, 1, 0, 1, '2021-04-07 09:13:46'),
(173, 108, 'HP 600GB 10K SAS DP', 'HP DL360 G6\r\n', 'СХД', '2.5', 'HP', 'SAS SP', 10000, 600, '581311-001', 0, 'Поставил в тип оборудования HP DL360 G6, Правильный тип оборудования - HP DL 360 G7. Добавить в список. Также интерфейс: указано SAS SP, Нужно изменить(Добавить в список) на  SAS DP\r\n', 0, 0, 1, 0, 1, '2021-04-07 09:18:04'),
(174, 109, 'IBM 300Gb 15K SAS', 'NetAPP DS2246\r\n', 'СХД', '2.5', 'IBM', 'SAS', 15000, 300, '81Y9671', 0, '', 0, 0, 1, 0, 1, '2021-04-07 09:19:16'),
(175, 110, 'IBM 146Gb 10K SAS SP', 'Power 740|770\r\n', 'СХД', '2.5', 'IBM', 'SAS SP', 10000, 146, '42D0633', 0, '', 0, 0, 1, 0, 1, '2021-04-07 09:20:20'),
(176, 111, 'IBM 146Gb 15K SAS2', 'IBM POWER S822\r\n\r\n', 'СХД', '2.5', 'IBM', 'SAS', 15000, 146, '9SV066-175', 0, 'Интерфейс выставлен SAS, в таблице же SAS2', 0, 0, 1, 0, 1, '2021-04-07 09:22:08'),
(177, 112, 'IBM 300Gb 10K SAS', 'IBM DS\r\n', 'СХД', '2.5', 'IBM', 'SAS', 10000, 300, '90Y8878', 0, 'Тип оборудования выставлен IBM DS, нужно изменить(Добавить в список) на IBM SVC 2145-DH8\r\n', 0, 0, 1, 0, 1, '2021-04-07 09:24:29'),
(178, 113, 'IBM 146Gb 15K SAS2', 'IBM POWER S822\r\n\r\n', 'СХД', '2.5', 'IBM', 'SAS', 15000, 146, '00FX876', 0, '', 0, 0, 1, 0, 1, '2021-04-07 09:26:29'),
(179, 113, 'IBM 146Gb 15K SAS2', 'IBM POWER S822\r\n\r\n', 'СХД', '2.5', 'IBM', 'SAS', 15000, 146, '00FX876', 0, 'Интерфейс выставлен SAS, поменять(Добавить в список) SAS2', 0, 0, 1, 0, 2, '2021-04-07 09:27:13'),
(180, 114, 'IBM 500GB 7,2K SAS', 'NetApp DS\r\n', 'СХД', '2.5', 'IBM', 'SAS', 7200, 500, '90Y8954', 0, 'Неизвестен тип оборудования. Выставлен NetApp DS', 0, 0, 1, 0, 1, '2021-04-07 09:31:24'),
(181, 115, 'DELL 300Gb 15K SAS', 'EMC VNX 5600\r\n', 'СХД', '2.5', 'IBM', 'SAS', 15000, 300, 'HDEAG02DAA51', 0, 'Фирма выставлена IBM, нужно изменить(добавить в список) на DELL', 0, 0, 1, 0, 1, '2021-04-07 09:34:56'),
(182, 110, '', '', '', '', '', '', 0, 0, '', 0, 'Jib,rf\r\n', 0, 0, 1, 1, 5, '2021-04-07 10:53:37'),
(183, 106, '', '', '', '', '', '', 0, 0, '', 0, 'assas', 0, 0, 1, 1, 5, '2021-04-07 10:54:18'),
(184, 102, 'HP 146Gb 10K SAS SP', 'HP DL 360 G5, HP ML 570, HP BL\r\n', 'СХД', '2.5', 'HP', 'SAS SP', 10000, 146, '507283-001, 418399-001, 432320-001 42D0653', 0, 'Добавил парт номер\r\n', 0, 0, 1, 0, 2, '2021-04-07 10:56:57'),
(185, 114, 'IBM 500GB 7,2K SAS', 'NetApp DS\r\n', 'СХД', '2.5', 'IBM', 'SAS', 7200, 500, '90Y8954 42D0753', 0, 'Неизвестен тип оборудования. Выставлен NetApp DS', 0, 0, 1, 0, 2, '2021-04-07 11:03:21'),
(186, 113, '', '', '', '', '', '', 0, 0, '', 0, 'sss', 0, 0, 1, 1, 5, '2021-04-07 11:05:17'),
(187, 111, 'IBM 146Gb 15K SAS2', 'IBM POWER S822\r\n\r\n', 'СХД', '2.5', 'IBM', 'SAS', 15000, 146, '9SV066-175 00FX876', 0, 'Интерфейс выставлен SAS, в таблице же SAS2', 0, 0, 1, 0, 2, '2021-04-07 11:06:07'),
(188, 116, 'EMC 300Gb 15K SAS', 'VNX 5600\r\n', 'СХД', '2.5', 'EMC', 'SAS', 15000, 300, '9SW066-431', 0, 'Изменить(добавить в список) тип оборудования VNX 5700', 0, 0, 1, 0, 1, '2021-04-07 11:10:18'),
(189, 117, 'IBM 146GB 15K SAS2', 'IBM POWER S822\r\n\r\n', 'СХД', '2.5', 'IBM', 'SAS', 15000, 146, '42D0653', 0, '', 0, 0, 1, 0, 1, '2021-04-08 09:35:17'),
(190, 118, 'EMC 300Gb 15K SAS', 'VNX 5600\r\n', 'СХД', '2.5', 'EMC', 'SAS', 15000, 300, '9SW066-031', 0, 'Изменить VNX5600 \r\nна VNX5700', 0, 0, 1, 0, 1, '2021-04-08 09:37:31'),
(191, 119, 'EMC 600Gb 10K SAS', 'VNX', 'СХД', '3.5', 'EMC', 'SAS', 10000, 600, '0B26071', 0, '', 0, 0, 1, 0, 1, '2021-04-08 09:39:19'),
(192, 120, 'EMC 100Gb SSD SAS', 'VNX 5600\r\n', 'СХД', '3.5', 'EMC', 'SAS', 0, 100, 'MZ6SR100HMDR-000C3', 0, 'Изменить VNX5600 на VNX5700', 0, 0, 1, 0, 1, '2021-04-08 09:40:49'),
(193, 121, 'IBM 300Gb 15K SAS', 'NetAPP DS2246\r\n', 'СХД', '2.5', 'IBM', 'SAS', 15000, 300, '00Y2428', 0, '', 0, 0, 1, 0, 1, '2021-04-08 09:42:57'),
(194, 122, 'IBM 300Gb 15K SAS2', 'IBM POWER S822\r\n\r\n', 'СХД', '2.5', 'IBM', 'SAS', 15000, 300, '9SW066-881', 0, '', 0, 0, 1, 0, 1, '2021-04-08 09:45:51'),
(195, 123, 'SUN 300Gb 10K SAS2', 'SUN SPARC T5220\r\n', 'СХД', '2.5', 'SUN', 'SAS', 10000, 300, '0B24179', 0, '', 0, 0, 1, 0, 1, '2021-04-08 09:47:19'),
(196, 123, 'SUN 300Gb 10K SAS2', 'SUN SPARC T5220\r\n', 'СХД', '2.5', 'SUN', 'SAS', 10000, 300, '0B24179, 9FK066-045', 0, '9FK066-045\r\n', 0, 0, 1, 0, 2, '2021-04-08 09:49:57'),
(197, 124, 'CISCO 300Gb 15K SAS', 'Cisco UCS C220 M3\r\n', 'СХД', '2.5', '>CISCO', 'SAS', 15000, 300, '1MG200-175', 0, '', 0, 0, 1, 0, 1, '2021-04-08 09:51:05'),
(198, 125, 'HP 300Gb 10K SAS', 'HP DL 360 G7', 'СХД', '2.5', 'HP', 'SAS', 10000, 300, '493083-001', 0, '', 0, 0, 1, 0, 1, '2021-04-08 09:55:39'),
(199, 126, 'SAVIO 10K', ' IBM DS5300\r\n', 'СХД', '2.5', 'IBM', 'SAS', 10000, 72, '9LB066-043', 0, 'Изменить IBM DS5300 на пока неизвестность, Изменить IBM на пока неизвестность, Изменить SAS на пока неизвестность, Изменить объем на пока неизвестность', 0, 0, 1, 0, 1, '2021-04-08 10:00:55'),
(200, 127, 'IBM 146Gb 10K SAS SP', 'Power 740|770\r\n', 'СХД', '2.5', 'IBM', 'SAS SP', 10000, 146, '42D0633', 0, '', 0, 0, 1, 0, 1, '2021-04-08 10:05:41'),
(201, 72, 'IBM 3TB 7,2K SATA', 'NetAPP DS4246\r\n', 'СХД', '3.5', 'IBM', 'SATA', 7200, 3000, 'SP-308A-R6 SP-308A-R5 108-00277+B0 108-00277+A0 108-00277+A1', 0, '118032839-02', 0, 0, 1, 0, 2, '2021-04-08 10:20:39'),
(202, 72, 'IBM 3TB 7,2K SATA', 'NetAPP DS4246\r\n', 'СХД', '3.5', 'IBM', 'SATA', 7200, 3000, 'SP-308A-R6 SP-308A-R5 108-00277+B0 108-00277+A0 108-00277+A1', 0, 'Парт-номер: 118032839-02', 0, 0, 1, 0, 2, '2021-04-08 10:21:06'),
(203, 88, '', '', '', '', '', '', 0, 0, '', 0, 'Перенос дисков повторяющихся моделей.', 0, 0, 1, 1, 5, '2021-04-08 10:28:55'),
(204, 105, 'IBM 600Gb 10K SAS', 'NetApp DS\r\n', 'СХД', '2.5', 'IBM', 'SAS', 10000, 600, 'SP-422A-R6 108-00221+E0 108-00221 108-00221H 108-00221+A0', 0, 'Парт-номер: SP-412B-R6 SP-412A-R5 108-00405+B0', 0, 0, 1, 0, 2, '2021-04-08 10:47:27'),
(205, 74, '', '', '', '', '', '', 0, 0, '', 0, 'Перенос дисков повторяющихся моделей.', 0, 0, 1, 1, 5, '2021-04-08 10:55:42'),
(206, 75, 'IBM 300Gb 15K SAS', 'IBM DS\r\n', 'СХД', '3.5', 'IBM', 'SAS', 15000, 300, 'SP-410A-R5 108-00232+A1 108-00232+A0 43X0877', 0, '.', 0, 0, 1, 0, 2, '2021-04-08 11:04:06'),
(207, 94, '', '', '', '', '', '', 0, 0, '', 0, 'Перенос дисков повторяющихся моделей.', 0, 0, 1, 1, 5, '2021-04-08 11:05:14'),
(208, 111, 'IBM 146Gb 15K SAS2', 'IBM POWER S822\r\n\r\n', 'СХД', '2.5', 'IBM', 'SAS', 15000, 146, '9SV066-175 00FX876 404712-001 26K5702 42D0653', 0, 'Интерфейс выставлен SAS, в таблице же SAS2', 0, 0, 1, 0, 2, '2021-04-08 11:19:09'),
(209, 81, '', '', '', '', '', '', 0, 0, '', 0, 'Перенос дисков повторяющихся моделей.', 0, 0, 1, 1, 5, '2021-04-08 11:21:23'),
(210, 117, '', '', '', '', '', '', 0, 0, '', 0, 'Перенос дисков повторяющихся моделей.', 0, 0, 1, 1, 5, '2021-04-08 11:21:40'),
(211, 85, 'HP 500Gb 7,2K SATA', 'HP DL320 G6\r\n', 'СХД', '2.5', 'HP', 'SATA', 7200, 500, '459319-001, 507631-001 508035-001 656107', 0, '.', 0, 0, 1, 0, 2, '2021-04-08 11:39:58'),
(212, 107, '', '', '', '', '', '', 0, 0, '', 0, 'Перенос дисков повторяющихся моделей.', 0, 0, 1, 1, 5, '2021-04-08 11:42:35'),
(213, 109, 'IBM 300Gb 15K SAS', 'NetAPP DS2246\r\n', 'СХД', '2.5', 'IBM', 'SAS', 15000, 300, '81Y9671 00Y2428', 0, '.', 0, 0, 1, 0, 2, '2021-04-08 11:55:40'),
(214, 121, '', '', '', '', '', '', 0, 0, '', 0, 'Перенос дисков повторяющихся моделей.', 0, 0, 1, 1, 5, '2021-04-08 11:56:36'),
(215, 116, 'EMC 300Gb 15K SAS', 'VNX 5600\r\n', 'СХД', '2.5', 'EMC', 'SAS', 15000, 300, '9SW066-431 9SW066-031', 0, 'Изменить(добавить в список) тип оборудования VNX 5700', 0, 0, 1, 0, 2, '2021-04-08 12:00:33'),
(216, 118, '', '', '', '', '', '', 0, 0, '', 0, 'Перенос дисков повторяющихся моделей.', 0, 0, 1, 1, 5, '2021-04-08 12:01:18'),
(217, 73, 'IBM 2TB 7,2k SATA', 'NetAPP DS4246\r\n', 'СХД', '3.5', 'IBM', 'SATA', 7200, 2000, 'SP-306A-R6 108-00270+B0 108-00270+B1 108-00270+A0', 0, 'Добавил 108-00270+A0\r\n', 0, 0, 1, 0, 2, '2021-04-08 13:31:55'),
(218, 128, 'EMC 600GB 15K SAS', 'EMC VNX5600\r\n', 'СХД', '3.5', 'EMC', 'SAS', 15000, 600, '0B24481', 0, '', 0, 0, 1, 0, 1, '2021-04-08 13:58:06'),
(219, 102, 'HP 146Gb 10K SAS SP', 'HP DL 360 G5, HP ML 570, HP BL\r\n', 'СХД', '2.5', 'HP', 'SAS SP', 10000, 146, '507283-001, 418399-001, 432320-001 42D0653 9F6066-035', 0, 'Добавил парт номер\r\n', 0, 0, 1, 0, 2, '2021-04-08 14:41:27'),
(220, 102, 'HP 146Gb 10K SAS SP', 'HP DL 360 G5, HP ML 570, HP BL\r\n', 'СХД', '2.5', 'HP', 'SAS SP', 10000, 146, '507283-001, 418399-001, 432320-001 42D0653 9F6066-035 9F6066', 0, 'Добавил парт номер\r\n', 0, 0, 1, 0, 2, '2021-04-08 14:47:12'),
(221, 102, 'HP 146Gb 10K SAS SP', 'HP DL 360 G5, HP ML 570, HP BL\r\n', 'СХД', '2.5', 'HP', 'SAS SP', 10000, 146, '507283-001,418399-001,432320-001,42D0653,9F6066-035,9F6066.', 0, 'Добавил парт номер\r\n', 0, 0, 1, 0, 2, '2021-04-08 14:48:21'),
(222, 129, 'Seagate 300Gb SAS 15k', 'Terradata 6650\r\n', 'СХД', '3.5', 'Seagate', 'SAS', 15000, 300, '9FL004-042', 0, '', 0, 0, 1, 0, 1, '2021-04-12 14:23:11'),
(223, 126, 'Seagate 300Gb SAS 15k', 'Terradata 6650\r\n', 'СХД', '3.5', 'Seagate', 'SAS', 10000, 300, '9LB066-042', 0, 'Seagate 300Gb SAS 15k\r\n', 0, 0, 1, 0, 2, '2021-04-12 15:00:06'),
(224, 130, 'Seagate 300Gb SAS 10k', 'TERADATA 2650', 'СХД', '3.5', 'Seagate', 'SAS', 10000, 300, '9LB066-043', 0, '', 0, 0, 1, 0, 1, '2021-04-12 15:00:53'),
(225, 131, 'SEAGATE 600GB SAS ', 'DEPO Supermicro\r\n', 'СХД', '2.5', 'Seagate', 'SAS', 15000, 600, '1UU200-003', 0, '', 0, 0, 1, 0, 1, '2021-04-12 15:14:52'),
(226, 72, 'IBM 3TB 7,2K SATA', 'NetAPP DS4246\r\n', 'СХД', '3.5', 'IBM', 'SATA', 7200, 3000, 'SP-308A-R6 SP-308A-R5 108-00277+B0 108-00277+A0 108-00277+A1 118032839-02', 0, 'Готово', 0, 0, 1, 0, 2, '2021-04-15 12:05:33'),
(227, 97, 'CISCO 1Tb 7,2K SAS', 'CISC0 UCS C240 M4', 'СХД', '2.5', 'CISCO', 'SAS', 7200, 1000, '9RZ268-175', 0, 'Готово', 0, 0, 1, 0, 2, '2021-04-15 12:06:24'),
(228, 98, '320Gb 7,2K SATA', ' IBM DS5300\r\n', 'СХД', '3.5', 'IBM', 'SAS', 7200, 320, '9HM16C-327', 0, 'Нету типа обарудования(Указал IBM DS5300), Нету фирмы(Указал IBM),', 0, 0, 1, 0, 2, '2021-04-15 12:06:49'),
(229, 101, 'HP 72Gb 10K SAS DP', 'HP DL 360 G5, HP ML 570\r\n', 'СХД', '2.5', 'HP', 'SAS DP', 10000, 72, '389346-001', 0, 'Готово', 0, 0, 1, 0, 2, '2021-04-15 12:07:13'),
(230, 120, 'EMC 100Gb SSD SAS', 'EMC VNX 5700\r\n', 'СХД', '3.5', 'EMC', 'SAS', 0, 100, 'MZ6SR100HMDR-000C3', 0, 'Готово', 0, 0, 1, 0, 2, '2021-04-15 12:07:43'),
(231, 115, 'DELL 300Gb 15K SAS', 'EMC VNX 5600\r\n', 'СХД', '2.5', 'Dell', 'SAS', 15000, 300, 'HDEAG02DAA51', 0, 'Готово', 0, 0, 1, 0, 2, '2021-04-15 12:07:58'),
(232, 116, 'EMC 300Gb 15K SAS', 'EMC VNX 5700\r\n', 'СХД', '2.5', 'EMC', 'SAS', 15000, 300, '9SW066-431 9SW066-031', 0, 'Готово', 0, 0, 1, 0, 2, '2021-04-15 12:08:36'),
(233, 105, 'IBM 600Gb 10K SAS', 'NetApp DS\r\n', 'СХД', '2.5', 'IBM', 'SAS', 10000, 600, 'SP-422A-R6 108-00221+E0 108-00221 108-00221H 108-00221+A0 SP-412B-R6 SP-412A-R5', 0, '108-00405+B0', 0, 0, 1, 0, 2, '2021-04-15 12:10:02'),
(234, 108, 'HP 600GB 10K SAS DP', 'HP DL 360 G7', 'СХД', '2.5', 'HP', 'SAS DP', 10000, 600, '581311-001', 0, 'Готово\r\n', 0, 0, 1, 0, 2, '2021-04-15 12:10:52'),
(235, 112, 'IBM 300Gb 10K SAS', 'IBM SWC 2145-DH8\r\n', 'СХД', '2.5', 'IBM', 'SAS', 10000, 300, '90Y8878', 0, 'Готово', 0, 0, 1, 0, 2, '2021-04-15 12:11:35'),
(236, 111, 'IBM 146Gb 15K SAS2', 'IBM POWER S822\r\n\r\n', 'СХД', '2.5', 'IBM', 'SAS2', 15000, 146, '9SV066-175 00FX876 404712-001 26K5702 42D0653', 0, 'Готово', 0, 0, 1, 0, 2, '2021-04-15 12:12:11'),
(237, 132, 'Seagate 2TB 7,2k SAS', ' IBM DS5300\r\n', 'СХД', '2.5', 'Seagate', 'SAS', 7200, 2000, '1FM201-004', 0, 'Нету типа оборудования (поставил IBM DS5300)', 0, 0, 1, 0, 1, '2021-04-19 13:13:10'),
(238, 131, 'SEAGATE 600GB SAS ', 'DEPO Supermicro\r\n', 'СХД', '2.5', 'Seagate', 'SAS', 15000, 600, '1UU200-003 1XF203-003', 0, 'Добавлен парт-номер', 0, 0, 3, 0, 2, '2021-04-19 17:23:15'),
(239, 111, 'IBM 146Gb 15K SAS2', 'IBM POWER S822\r\n\r\n', 'СХД', '2.5', 'IBM', 'SAS2', 15000, 146, '9SV066-175 00FX876 404712-001 26K5702 42D0653 1UT210-039', 0, 'Готово', 0, 0, 3, 0, 2, '2021-04-19 17:55:47'),
(240, 133, 'IBM 450Gb 15K FC', ' IBM DS5300\r\n', 'СХД', '3.5', 'IBM', 'FC', 15000, 450, '44X2450', 1, '', 0, 0, 5, 0, 1, '2021-04-28 11:32:12'),
(241, 134, 'ST8000NM0075', 'CISC0 UCS C240 M4', 'СХД', '3.5', 'Seagate', 'SAS', 7200, 6000, '1RM212-175', 0, '', 0, 0, 3, 0, 1, '2021-04-29 05:44:06'),
(242, 134, 'ST8000NM0075', 'CISC0 UCS C240 M4', 'СХД', '3.5', 'Seagate', 'SAS', 7200, 8000, '1RM212-175', 0, '.', 0, 0, 3, 0, 2, '2021-04-29 05:44:48'),
(243, 111, 'IBM 146Gb 15K SAS2', 'IBM POWER S822\r\n\r\n', 'СХД', '2.5', 'IBM', 'SAS2', 15000, 146, '9SV066-175 00FX876 404712-001 26K5702 42D0653 1UT210-039 44V8185 CA07069-B20900BA', 0, 'Готово', 0, 0, 3, 0, 2, '2021-05-17 13:44:45'),
(244, 135, 'SUN ORACLE 1.2T 10000RPM  HUC101212CSS600', 'Exadata x4-2\r\n', 'МБД', '2.5', 'SUN', 'SAS', 10000, 1200, '0B28476', 0, '', 0, 0, 3, 0, 1, '2021-05-21 13:29:44'),
(245, 135, 'SUN ORACLE 1200Gb 10K SAS  ', 'Exadata x4-2\r\n', 'МБД', '2.5', 'SUN', 'SAS', 10000, 1200, '0B28476', 0, 'Отредактировано имя', 0, 0, 3, 0, 2, '2021-05-21 13:31:11'),
(246, 135, 'SUN ORACLE 1200Gb 10K SAS  ', 'Exadata x4-2\r\n', 'МБД', '2.5', 'SUN', 'SAS', 10000, 1200, '0B28476 0B33096', 0, 'Отредактировано имя', 0, 0, 3, 0, 2, '2021-05-21 15:49:50'),
(247, 136, 'SUN ORACLE 600 GB 10K SAS', 'Exadata x4-2\r\n', 'МБД', '2.5', 'SUN', 'SAS', 10000, 600, '0B26021', 0, '', 0, 0, 4, 0, 1, '2021-05-31 12:54:38'),
(248, 128, 'EMC 600GB 15K SAS', 'EMC VNX5600\r\n', 'СХД', '3.5', 'EMC', 'SAS', 15000, 600, '0B24481 005049675', 0, '.', 0, 0, 3, 0, 2, '2021-06-02 15:24:28'),
(249, 137, 'Exos 15E900', 'EMC VNX 5600\r\n', 'СХД', '3.5', 'Seagate', 'SAS', 15000, 600, 'CK210203506120', 1, '', 1, 1, 5, 0, 1, '2021-06-07 18:36:47'),
(250, 137, '', '', '', '', '', '', 0, 0, '', 0, 'неверное заведение', 0, 0, 5, 1, 5, '2021-06-07 18:41:41'),
(251, 138, 'Exos 15E900', 'EMC VNX 5600\r\n', 'СХД', '3.5', 'Seagate', 'SAS', 15000, 600, '005052933', 1, '', 0, 0, 5, 0, 1, '2021-06-07 18:42:55'),
(252, 138, '', '', '', '', '', '', 0, 0, '', 0, 'ДУБЛЬ', 0, 0, 5, 1, 5, '2021-06-07 18:47:55'),
(253, 139, 'SUN 1.2T', 'Exadata x4-2\r\n', 'МБД', '2.5', 'SUN', 'SAS2', 10000, 1200, '707656 7350770', 1, '', 0, 0, 5, 0, 1, '2021-06-17 01:57:23'),
(254, 140, 'HUC109045CSS601', 'TERADATA 2650', 'СХД', '2.5', 'Seagate', 'SAS', 10000, 450, '0B27263', 0, '', 0, 0, 7, 0, 1, '2021-06-26 15:19:07'),
(255, 140, 'HGST 450GB SAS 10K', 'TERADATA 2650', 'СХД', '2.5', 'Seagate', 'SAS', 10000, 450, '0B27263', 0, 'Изменена модель диска', 0, 0, 7, 0, 2, '2021-06-26 15:23:23'),
(256, 130, 'Seagate 300Gb SAS 10k', 'TERADATA 2650', 'СХД', '2.5', 'Seagate', 'SAS', 10000, 300, '9LB066-043', 0, 'Изменен ф\\ф из 3.5 на 2.5', 0, 0, 7, 0, 2, '2021-06-26 15:47:14');

-- --------------------------------------------------------

--
-- Структура таблицы `firm`
--

CREATE TABLE `firm` (
  `id` int NOT NULL,
  `name` varchar(60) NOT NULL
) ENGINE=InnoDB DEFAULT CHARSET=utf8mb4 COLLATE=utf8mb4_0900_ai_ci;

--
-- Дамп данных таблицы `firm`
--

INSERT INTO `firm` (`id`, `name`) VALUES
(1, 'IBM'),
(2, 'EMC'),
(3, 'SUN'),
(4, 'HP'),
(5, 'Terra'),
(6, 'KraftWay'),
(7, 'CISCO'),
(8, 'Seagate'),
(9, 'Toshiba'),
(11, 'FUJITSU'),
(12, 'HPE'),
(13, 'Dell');

-- --------------------------------------------------------

--
-- Структура таблицы `type_equipment`
--

CREATE TABLE `type_equipment` (
  `id` int NOT NULL,
  `name` varchar(60) DEFAULT NULL
) ENGINE=InnoDB DEFAULT CHARSET=utf8mb4 COLLATE=utf8mb4_0900_ai_ci;

--
-- Дамп данных таблицы `type_equipment`
--

INSERT INTO `type_equipment` (`id`, `name`) VALUES
(1, 'IBM DS3400 \r\n'),
(2, 'EMC VNX 5600\r\n'),
(3, 'Sun T5220\r\n'),
(4, 'NetApp DS 4243\r\n'),
(5, 'IBM DS3400 \r\n'),
(6, 'IBM DS5300\r\n'),
(7, 'EMC VNX 7500\r\n'),
(8, 'HP ML 570 G4\r\n'),
(9, 'HP EVA6400\r\n'),
(10, 'HP DL 360 G5\r\n'),
(11, 'HP P2000 G3\r\n'),
(12, 'HP DL 380 Gen8\r\n'),
(13, 'EMC VNX5600\r\n'),
(14, 'Exadata x2-8\r\n'),
(15, 'Exadata x3-8\r\n'),
(16, 'Exadata x2-2\r\n'),
(17, 'EMC VNX7500 \r\n'),
(18, 'EMC VNX5700\r\n'),
(19, 'Exadata x5-2\r\n'),
(20, 'NetAPP DS2246\r\n'),
(21, 'EMC VNX7500\r\n'),
(22, 'HP BL 680\r\n'),
(23, 'NetAPP DS4246\r\n'),
(24, 'HP DL360G5\r\n'),
(25, 'HP DL 380 G4\r\n'),
(26, 'NetApp EF5600\r\n'),
(27, 'Terradata 6650\r\n'),
(28, 'NetApp DS 2246\r\n'),
(29, 'HP BL460c \r\n'),
(30, 'SUN SPARC T5220\r\n'),
(31, 'HP ML570 G4\r\n'),
(32, 'NetAPP DS4243\r\n'),
(33, 'HP DL360 G5\r\n'),
(34, 'EMC VNX 5700\r\n'),
(35, 'HP DL 360 G5, HP ML 570, HP BL\r\n'),
(36, 'Kraftway Exp TS12\r\n'),
(37, 'Power 740|770\r\n'),
(38, 'UCS C240 M3\r\n'),
(39, 'VNX 7500\r\n'),
(40, 'VNX 5600\r\n'),
(41, 'NetApp DS4486\r\n'),
(42, 'HP DL360 G6\r\n'),
(43, 'HP DL380 G4\r\n'),
(44, 'Cisco WAE-7341  \r\n'),
(45, 'NETAPP FAS3240 \r\n'),
(46, 'HP DL360 G5#2\r\n'),
(47, 'HP DL360 G5 #4\r\n'),
(48, 'IBM x3950 M2\r\n'),
(49, 'NETAPP FAS 6210-DS4243\r\n'),
(50, 'NetApp FAS3250-DS2246\r\n'),
(51, 'HP DL320 G6\r\n'),
(52, 'Cisco UCS C220 M3\r\n'),
(53, 'NetApp FAS6210A\r\n'),
(54, 'NetApp FAS3240\r\n'),
(55, 'HP DL360 G5 #2\r\n'),
(56, 'HP DL360 G5#4\r\n'),
(57, 'HP DL160 G6#1\r\n'),
(58, ' IBM DS5300\r\n'),
(60, 'HP DL 380 G4 TEST\r\n'),
(62, 'NetApp DS\r\n'),
(63, 'IBM DS\r\n'),
(64, 'VNX'),
(65, 'IBM POWER S822\r\n\r\n'),
(68, 'UCS C240 M3(HADOOP R43)\r\n'),
(69, 'NETAPP 5600'),
(70, 'NetAPP DS4286'),
(71, 'CISC0 UCS C240 M4'),
(72, 'KRAFTWAY'),
(73, 'HP DL 360 G5, HP ML 570\r\n'),
(74, 'HP DL 360 G7'),
(75, 'TERADATA 2650'),
(76, 'DEPO Supermicro\r\n'),
(77, 'HP DL 360 Gen7\r\n'),
(78, 'IBM SWC 2145-DH8\r\n'),
(79, 'EMC VNX 5700\r\n'),
(80, 'Exadata x4-2\r\n');

--
-- Индексы сохранённых таблиц
--

--
-- Индексы таблицы `disk_balance`
--
ALTER TABLE `disk_balance`
  ADD PRIMARY KEY (`id`);

--
-- Индексы таблицы `disk_charge`
--
ALTER TABLE `disk_charge`
  ADD PRIMARY KEY (`id`);

--
-- Индексы таблицы `disk_movement`
--
ALTER TABLE `disk_movement`
  ADD PRIMARY KEY (`id`);

--
-- Индексы таблицы `disk_templ`
--
ALTER TABLE `disk_templ`
  ADD PRIMARY KEY (`id`);

--
-- Индексы таблицы `disk_templ_movement`
--
ALTER TABLE `disk_templ_movement`
  ADD PRIMARY KEY (`id`);

--
-- Индексы таблицы `firm`
--
ALTER TABLE `firm`
  ADD PRIMARY KEY (`id`);

--
-- Индексы таблицы `type_equipment`
--
ALTER TABLE `type_equipment`
  ADD PRIMARY KEY (`id`);

--
-- AUTO_INCREMENT для сохранённых таблиц
--

--
-- AUTO_INCREMENT для таблицы `disk_balance`
--
ALTER TABLE `disk_balance`
  MODIFY `id` int NOT NULL AUTO_INCREMENT, AUTO_INCREMENT=626;

--
-- AUTO_INCREMENT для таблицы `disk_charge`
--
ALTER TABLE `disk_charge`
  MODIFY `id` int NOT NULL AUTO_INCREMENT, AUTO_INCREMENT=128;

--
-- AUTO_INCREMENT для таблицы `disk_movement`
--
ALTER TABLE `disk_movement`
  MODIFY `id` int NOT NULL AUTO_INCREMENT, AUTO_INCREMENT=1613;

--
-- AUTO_INCREMENT для таблицы `disk_templ`
--
ALTER TABLE `disk_templ`
  MODIFY `id` int NOT NULL AUTO_INCREMENT, AUTO_INCREMENT=141;

--
-- AUTO_INCREMENT для таблицы `disk_templ_movement`
--
ALTER TABLE `disk_templ_movement`
  MODIFY `id` int NOT NULL AUTO_INCREMENT, AUTO_INCREMENT=257;

--
-- AUTO_INCREMENT для таблицы `firm`
--
ALTER TABLE `firm`
  MODIFY `id` int NOT NULL AUTO_INCREMENT, AUTO_INCREMENT=14;

--
-- AUTO_INCREMENT для таблицы `type_equipment`
--
ALTER TABLE `type_equipment`
  MODIFY `id` int NOT NULL AUTO_INCREMENT, AUTO_INCREMENT=81;
COMMIT;

/*!40101 SET CHARACTER_SET_CLIENT=@OLD_CHARACTER_SET_CLIENT */;
/*!40101 SET CHARACTER_SET_RESULTS=@OLD_CHARACTER_SET_RESULTS */;
/*!40101 SET COLLATION_CONNECTION=@OLD_COLLATION_CONNECTION */;
